type,name,module,path,hash
"csv","agent-manifest","_config","_config/agent-manifest.csv","d2ae4e1b217f6c49817809df0ae5e0ea607c846543b7514c1bbe47f886c73e03"
"csv","task-manifest","_config","_config/task-manifest.csv","f1581a8d78f818b0d8ac2a84bf13b74dec26f7a6b9696d9d4d277d239ec4ff68"
"csv","workflow-manifest","_config","_config/workflow-manifest.csv","5e334c6d1cc4122f4ab6cb5f186427acd09fe1d733ee27ce10e0701a91316144"
"yaml","manifest","_config","_config/manifest.yaml","4cc12dd438dc01d05bddecd4d4cd00da7d10b796d786e993af3f74371d45d776"
"md","stories-told","_memory","_memory/storyteller-sidecar/stories-told.md","47ee9e599595f3d9daf96d47bcdacf55eeb69fbe5572f6b08a8f48c543bc62de"
"md","story-preferences","_memory","_memory/storyteller-sidecar/story-preferences.md","b70dbb5baf3603fdac12365ef24610685cba3b68a9bc41b07bbe455cbdcc0178"
"yaml","config","_memory","_memory/config.yaml","3a0008e35d932d6cdb7dd4fe129960f32e4d186fe50ba2f5fa4cef9bbcea6452"
"csv","common-workflow-tools","bmb","bmb/workflows/workflow/data/common-workflow-tools.csv","aead7e0f4eb4d40739dee2268f62b48b947b8d1be5e7b7c29ba6552f21943f9e"
"csv","communication-presets","bmb","bmb/workflows/agent/data/communication-presets.csv","1297e9277f05254ee20c463e6071df3811dfb8fe5d1183ce07ce9b092cb3fd16"
"md","agent-architecture","bmb","bmb/workflows/module/data/agent-architecture.md","292bb887f2b6bfbe7536ae2a3d936c51bce8f55680298ccc5620ae38081017ca"
"md","agent-compilation","bmb","bmb/workflows/agent/data/agent-compilation.md","dd4ead87256f8cbeb83112f87a3722da26e1737bc7bb7a08be5217ef041d59be"
"md","agent-menu-patterns","bmb","bmb/workflows/agent/data/agent-menu-patterns.md","e0f28ed62703d0bfa37f0fca4b7ac81e8164daad315f8532b6009783800b037e"
"md","agent-metadata","bmb","bmb/workflows/agent/data/agent-metadata.md","ea42f617c771de9dab0d7250278dbeb4e183fbdcc9600f8fdf7ca65cb1358a20"
"md","agent-plan.template","bmb","bmb/workflows/agent/templates/agent-plan.template.md","81e79756fb4c368c568ba05efcd276d1d52a111163827439733554f4d94e3094"
"md","agent-spec-template","bmb","bmb/workflows/module/data/agent-spec-template.md","ff68be471450daf91dc6d3c2d96ee2a8638acd7f26589abf4c328d8df7547677"
"md","architect","bmb","bmb/workflows/agent/data/reference/module-examples/architect.md","fd9d3138eb02f9a2a770a90cad57a72827965deb9d5944a2fea22af03a95e0ab"
"md","architecture","bmb","bmb/workflows/workflow/data/architecture.md","c14a7d113663aa07fe2bc44ae5c21fca2763924b2ef55ad5dca68304edee8b30"
"md","brainstorm-context","bmb","bmb/workflows/agent/data/brainstorm-context.md","188eaff75b096924e5388fa2d7e9bf97fe5fe244e407c1076d4c60dcfba25fc1"
"md","brief-template","bmb","bmb/workflows/module/templates/brief-template.md","9b3a5aab977cd189317321b92d512110fa13993a27447b25143fff14b24f6f84"
"md","critical-actions","bmb","bmb/workflows/agent/data/critical-actions.md","c0b8104af3b3307408bd6db5d6391edfee0fb3e638b0450fb19a76777f8bea01"
"md","csv-data-file-standards","bmb","bmb/workflows/workflow/data/csv-data-file-standards.md","09c45c4008b3ac2a1256e0828afac412ec6ae7fb6c1a56e22464507c159d3a30"
"md","e-01-load-existing","bmb","bmb/workflows/agent/steps-e/e-01-load-existing.md","42312bcf6fa6386f2dde50c4927c92d3bf47b145644e64a49e87e84547e7e63b"
"md","e-02-discover-edits","bmb","bmb/workflows/agent/steps-e/e-02-discover-edits.md","dad4a58de2c6df583204b93aefaf753d3300637f092617e06ac2622a836bd34f"
"md","e-03-placeholder","bmb","bmb/workflows/agent/steps-e/e-03-placeholder.md","4076b77b471144f7bd58454a2652bed9a11a964bb249df95272b73590757a95e"
"md","e-04-type-metadata","bmb","bmb/workflows/agent/steps-e/e-04-type-metadata.md","caa8aaa922c18240cc09ec2f5da49c81c300204a5fe41b0c517a09f16269f6b8"
"md","e-05-persona","bmb","bmb/workflows/agent/steps-e/e-05-persona.md","93742cd56f05ff1eb25cb3357908e5e3d65c253f05260f6cf6680eea8e510a21"
"md","e-06-commands-menu","bmb","bmb/workflows/agent/steps-e/e-06-commands-menu.md","bcaaf0ed3a3ac1ee57393e4c5fc138ca971741019ccc8edc3fdec13bf755304c"
"md","e-07-activation","bmb","bmb/workflows/agent/steps-e/e-07-activation.md","2ff98797de86ef300691d07b945a8f05627ed6bd424e07322b17fb6441a5647c"
"md","e-08a-edit-simple","bmb","bmb/workflows/agent/steps-e/e-08a-edit-simple.md","2fa8e2d511e5ea33482749d359a5cd0a1d9123e515d9d8984c963f13c19f1d8f"
"md","e-08b-edit-expert","bmb","bmb/workflows/agent/steps-e/e-08b-edit-expert.md","0c8463ce96a5ae0ec0e5bd4ada002864e92968aee33b9f10f4710f816338bcbd"
"md","e-08c-edit-module","bmb","bmb/workflows/agent/steps-e/e-08c-edit-module.md","c68b113af6bfc6140b530e8902a0a966e176fdcf6f33e509835ccff869a3caa3"
"md","e-09-celebrate","bmb","bmb/workflows/agent/steps-e/e-09-celebrate.md","20f273e2c55d5d38d49b2161bc3303a003126af61799e13a1f5e398d6578889f"
"md","expert-agent-architecture","bmb","bmb/workflows/agent/data/expert-agent-architecture.md","aeccf6642cf9bf07408b95787ecc929c3204bfc0e6f4b7039b96b6f4b3c45a73"
"md","expert-agent-validation","bmb","bmb/workflows/agent/data/expert-agent-validation.md","507c0ab7d832026685caa708537d9d1f25b5d1576db6e734f14b7b3e6d3621f2"
"md","expert-agent.template","bmb","bmb/workflows/agent/templates/expert-agent-template/expert-agent.template.md","6ccbab7d39957368bacdef988f301a1d22ff0a8cc34dcd3be69851258816394d"
"md","frontmatter-standards","bmb","bmb/workflows/workflow/data/frontmatter-standards.md","8ff303365516546551dbe5a211a0a2dffb9711d60e5f6904985c7dc236758d60"
"md","input-discovery-standards","bmb","bmb/workflows/workflow/data/input-discovery-standards.md","74f4a88526951c68e0792d6350f7d06e9d038990095ae4c63caa4295d71dda28"
"md","intent-vs-prescriptive-spectrum","bmb","bmb/workflows/workflow/data/intent-vs-prescriptive-spectrum.md","279a246f1863a5744821451c43856bb35ed0a248cd2f25a54db5c79403a29705"
"md","menu-handling-standards","bmb","bmb/workflows/workflow/data/menu-handling-standards.md","ab2ef85f3ed668ff61beba10fec6e2a3e93065e44b75022ce2eefffe6c354b5e"
"md","minimal-output-template","bmb","bmb/workflows/workflow/templates/minimal-output-template.md","ff4c222f36c3589529eb3b1df80f914b64de76f74022332e555fbf2402bf2a7f"
"md","module-agent-validation","bmb","bmb/workflows/agent/data/module-agent-validation.md","b14922d62e014927314a2b9b683b669fd579daa920c96861deab8f7cd6e8e07a"
"md","module-installer-standards","bmb","bmb/workflows/module/data/module-installer-standards.md","d45393cde754271dd592b0bf563f2047dcd5945c4a2f48e991face498d92c73c"
"md","module-standards","bmb","bmb/workflows/module/data/module-standards.md","88fcd717713e3dd601ca09ddb48f9c32e6b4b1e03f7490f4e845c199bcdfea5f"
"md","module-yaml-conventions","bmb","bmb/workflows/module/data/module-yaml-conventions.md","61b0f880aa99920f25d95b3ce333fa384f91d2eb2ed6d5179ba5b7524d9e625c"
"md","output-format-standards","bmb","bmb/workflows/workflow/data/output-format-standards.md","a5578701b2166b830ae9f749cb2e76bec71469290edc9ca3cabd28b4b4a964f4"
"md","persona-properties","bmb","bmb/workflows/agent/data/persona-properties.md","c8c725ab87d5db932bdb788ff5e1133cf567029db3e1e4e203fae109d3514fc1"
"md","principles-crafting","bmb","bmb/workflows/agent/data/principles-crafting.md","5b7d9198a8a32c044573ed3c226c02a3d8a0761d812b46350e024a7b01cf0660"
"md","README","bmb","bmb/README.md","5bbe1c65c38fbce039ca375fd516d70594a50082bae19d4e6f66112d43898f6b"
"md","simple-agent-architecture","bmb","bmb/workflows/agent/data/simple-agent-architecture.md","dc6d226b55bb6d9cb8c39974f0ac326845e220a19127cfec572195fe70b2c1eb"
"md","simple-agent-validation","bmb","bmb/workflows/agent/data/simple-agent-validation.md","206789bd33d6afeefa4bf1972d273d9c5c9f70dca12360e80b3e7beb701fbf80"
"md","simple-agent.template","bmb","bmb/workflows/agent/templates/simple-agent.template.md","5ed5447c0ecc660c3354f8d9692e27688e9ff88f7de7a04d235c47ddbe8ac251"
"md","step-00-conversion","bmb","bmb/workflows/workflow/steps-c/step-00-conversion.md","f1cff1e6117c249a845dcbe6361d89a356a2d9c41b1700c455dc4af667a84016"
"md","step-01-brainstorm","bmb","bmb/workflows/agent/steps-c/step-01-brainstorm.md","8b56200dc67a43d3eb2afff9d329aa3ed07beeeb362b00b3b521a4de1f9a2b34"
"md","step-01-discovery","bmb","bmb/workflows/workflow/steps-c/step-01-discovery.md","14bafd883635c3606ecf63c82ea126b5bdad86980eee334e157dae5de04811c2"
"md","step-01-init-continuable-template","bmb","bmb/workflows/workflow/templates/step-01-init-continuable-template.md","f211cf173c79b773a54612ad705e4fbbc0c936a5d4671a450602e8f73cab1183"
"md","step-01-load-brief","bmb","bmb/workflows/module/steps-c/step-01-load-brief.md","4306072dccfde38c9e6d0d3df27b2d39c4ee4a1e142668f3d7c00692f241b750"
"md","step-01-load-target","bmb","bmb/workflows/module/steps-e/step-01-load-target.md","b375f12ac67eb5c62a21c52f5d83c98250f1a668715728832df1afb9cfab76ec"
"md","step-01-load-target","bmb","bmb/workflows/module/steps-v/step-01-load-target.md","27fba2bf4be60ce6d4d00b491deb3bf8ae2af9c078d97cb4629a14268a1b45e1"
"md","step-01-validate","bmb","bmb/workflows/workflow/steps-v/step-01-validate.md","7062165cc403137878ec484a8a70215288d2b611a8b2153f45f814d3d1a9d58a"
"md","step-01-validate-max-mode","bmb","bmb/workflows/workflow/steps-v/step-01-validate-max-mode.md","cf2de5888a6b3e025912769dc417d707391bb5885c973ed6359d16666540c313"
"md","step-01-welcome","bmb","bmb/workflows/module/steps-b/step-01-welcome.md","360f177df40eb103c3a39118fc0d0e38c4bbe5e042555dc22ec75f96888bedcd"
"md","step-01b-continuation","bmb","bmb/workflows/workflow/steps-c/step-01b-continuation.md","26b8ca474a892000d5b9f87bf9defc85af381fb3ae27b4b8aa8e2aafedebcd8d"
"md","step-01b-continue","bmb","bmb/workflows/module/steps-c/step-01b-continue.md","f148d41f196c69e5285c1746448608f31ad1efb6c2d8998e462fb3c4a9ce87f2"
"md","step-01b-structure","bmb","bmb/workflows/workflow/steps-v/step-01b-structure.md","1a5c4344f777331ebf3f26f0f96b0d384ced6d3ad1e261041bd0942b328a62b4"
"md","step-02-classification","bmb","bmb/workflows/workflow/steps-c/step-02-classification.md","d31e2b451af0dcdd3d6c6695143200f0b40c3e8725ddf09849810f6984b76286"
"md","step-02-discovery","bmb","bmb/workflows/agent/steps-c/step-02-discovery.md","37c60ec06f6ec60af14abdb324317c98bb9dad09ae7a5cdc948ca4dea969d55a"
"md","step-02-file-structure","bmb","bmb/workflows/module/steps-v/step-02-file-structure.md","983189b1f0ad1f078dd4ef23c25b36ef811b755faa882f9bc877a304141f6e19"
"md","step-02-frontmatter-validation","bmb","bmb/workflows/workflow/steps-v/step-02-frontmatter-validation.md","86fede3dd8b992eeeeb962bd217dcb9d002aad2def3acbf0b8f3ea4f089bf1d4"
"md","step-02-select-edit","bmb","bmb/workflows/module/steps-e/step-02-select-edit.md","54c0825ec764e38481a4edb1524a2505dc5eff079a844ab4384eb6d264511680"
"md","step-02-spark","bmb","bmb/workflows/module/steps-b/step-02-spark.md","675a83d6c257439ac1c6a508358ff09f532075bcb4f97c1037f626324f431e34"
"md","step-02-structure","bmb","bmb/workflows/module/steps-c/step-02-structure.md","edf267a01bfa5cf842a72fc8daf3294fe50c4294aee4a4248935333fe4d7d5ca"
"md","step-02b-path-violations","bmb","bmb/workflows/workflow/steps-v/step-02b-path-violations.md","34da677fd6b3bcbc54ffa8fba8c690a21e0189000aa30331c586438ad397c977"
"md","step-03-apply-edit","bmb","bmb/workflows/module/steps-e/step-03-apply-edit.md","4cc07b6468e7e8ce8b941e5c74d132f5657caa58086586cc80eebd223a4114fd"
"md","step-03-config","bmb","bmb/workflows/module/steps-c/step-03-config.md","08a4ab3f267a766260ad2063b7423ee5aafa25145827e9c0acd9133d54154903"
"md","step-03-menu-validation","bmb","bmb/workflows/workflow/steps-v/step-03-menu-validation.md","b484b7e112339facc41edee5631a513c89f4f5d90c2303e9457deb96ce3287af"
"md","step-03-module-type","bmb","bmb/workflows/module/steps-b/step-03-module-type.md","0e41528e462d831ff005fdadce5a38351ebc6e95e272b79a43615c322e884e09"
"md","step-03-module-yaml","bmb","bmb/workflows/module/steps-v/step-03-module-yaml.md","da4131dbbff63652988d36547a78ad9745c8cfe2e102f1a31784f7e6b1bdf125"
"md","step-03-requirements","bmb","bmb/workflows/workflow/steps-c/step-03-requirements.md","4954b42e344ce6f728fc3dc8df3ad5eeac0ce6d73fb08c8ff09d762e9364fd71"
"md","step-03-type-metadata","bmb","bmb/workflows/agent/steps-c/step-03-type-metadata.md","d4107f544c011c3d21c57fe1a2da0666ce8bd3d1610f18effd2bcbb0e72a7644"
"md","step-04-agent-specs","bmb","bmb/workflows/module/steps-v/step-04-agent-specs.md","0f147930ec85643fb2f341dcb3e6bf8b3ec7d35456eff733027a8567feeb8706"
"md","step-04-installer","bmb","bmb/workflows/module/steps-c/step-04-installer.md","c73591cbc1457621f9226adf397f26f06587b226e981025688a4b8d517552acb"
"md","step-04-persona","bmb","bmb/workflows/agent/steps-c/step-04-persona.md","34ee7cf5c5d393d9d5b326275cb7f9726ad1c774cddfc1d04407357336755351"
"md","step-04-review","bmb","bmb/workflows/module/steps-e/step-04-review.md","9b86a5d09668674accd03cb47cd6c437c2117ee23562bb2bcea8ddc6979eefeb"
"md","step-04-step-type-validation","bmb","bmb/workflows/workflow/steps-v/step-04-step-type-validation.md","3a923bcad87fc74036fdefa8f42d360b8d02b678f9077aedd18654e94d966f7a"
"md","step-04-tools","bmb","bmb/workflows/workflow/steps-c/step-04-tools.md","623adb4ca3a6e47a27e78ebc55ea45b89866ca60e04aa05f9907f6bdf8a9f57c"
"md","step-04-vision","bmb","bmb/workflows/module/steps-b/step-04-vision.md","cac4ca0fe32092801503f906fdfa868e65ba0490877daeb23a274571135ecddc"
"md","step-05-agents","bmb","bmb/workflows/module/steps-c/step-05-agents.md","b0bca34109a2d9e0894d3caed50efafbe4950b1de5f6f0c3db47c73c2593deb4"
"md","step-05-commands-menu","bmb","bmb/workflows/agent/steps-c/step-05-commands-menu.md","0e15e80663f7e3632683965e79af07ae016dea5dbd5c411f311e109f01fbec01"
"md","step-05-confirm","bmb","bmb/workflows/module/steps-e/step-05-confirm.md","1abeb25cd94e0396642e0ffd4d68d1b21350c51f2eee86bf403fb6f406a22408"
"md","step-05-identity","bmb","bmb/workflows/module/steps-b/step-05-identity.md","c81aa920cf83f04a51585675b2b09d756d7c5bb9e851ccea66e25d76aeaf3cff"
"md","step-05-output-format-validation","bmb","bmb/workflows/workflow/steps-v/step-05-output-format-validation.md","824a0bea33d14e5694f6b58504eb655af26ccd3d1001a40179861146038d77e6"
"md","step-05-plan-review","bmb","bmb/workflows/workflow/steps-c/step-05-plan-review.md","852bb996af5ccdb7df158106ba7c98698b21f667b5fd1c3256c1929839b73e38"
"md","step-05-workflow-specs","bmb","bmb/workflows/module/steps-v/step-05-workflow-specs.md","5a6cd834f815fc62e8fd489445ce5d2f55bf6477798c9ab596d454d9a2f82dd4"
"md","step-06-activation","bmb","bmb/workflows/agent/steps-c/step-06-activation.md","59a9ad43188540e13e1aea360e4b35ad2768f5d0dc2494fd40f9c91b7566ecbb"
"md","step-06-design","bmb","bmb/workflows/workflow/steps-c/step-06-design.md","9873ef3c4ac9f9dc68e552e626a7c20091eba1c9d19f1fa76b2ba0738d0bc082"
"md","step-06-documentation","bmb","bmb/workflows/module/steps-v/step-06-documentation.md","8b747c69aeda2222c980c0341fceaa7596e819420eead2e1cee634b17ddb4803"
"md","step-06-users","bmb","bmb/workflows/module/steps-b/step-06-users.md","9e96d114253f41272cb022879db49487e35c81d21163b4358a3f287d8714aa60"
"md","step-06-validation-design-check","bmb","bmb/workflows/workflow/steps-v/step-06-validation-design-check.md","8eb78dc10848d8e33a6c84fee38210fef8e4431aa25c318d596d25d69f9755f5"
"md","step-06-workflows","bmb","bmb/workflows/module/steps-c/step-06-workflows.md","e9b220419bdea06dd4a8d35d8251d0c55aefd03b86a42f3ed9cedd944d45a9d9"
"md","step-07-docs","bmb","bmb/workflows/module/steps-c/step-07-docs.md","faa6ff4c7248349b9615c0069116b41f27742476329727a953faf55b26324dea"
"md","step-07-foundation","bmb","bmb/workflows/workflow/steps-c/step-07-foundation.md","da4a6efc428c003dc9576c243111e2b29843608adb864105d5e130cae18498eb"
"md","step-07-installation","bmb","bmb/workflows/module/steps-v/step-07-installation.md","140b4444d4a881fe0ec30dfb03e8e4eba3db9f1aa467aea91d057aa3da631bcf"
"md","step-07-instruction-style-check","bmb","bmb/workflows/workflow/steps-v/step-07-instruction-style-check.md","b9ce0212ea49b3dfdb7204f9cfa5c59b25f4e314d2ab9cc27a95c1f432faa2f9"
"md","step-07-value","bmb","bmb/workflows/module/steps-b/step-07-value.md","8a1fadb590730bbcb33454974ffad289d6f61a93c1d317ee883f60311c003f2e"
"md","step-07a-build-simple","bmb","bmb/workflows/agent/steps-c/step-07a-build-simple.md","f7ce244b2431cc38bbb6b330095896268d7e7f57b02f8c8dd4ae7fd45941800b"
"md","step-07b-build-expert","bmb","bmb/workflows/agent/steps-c/step-07b-build-expert.md","4e6e18505d218dd576f15b7e9f2ba65e1543a493607fd4b79355b66083e46d40"
"md","step-07c-build-module","bmb","bmb/workflows/agent/steps-c/step-07c-build-module.md","2239d479fcae5a48fa4d5fe589c1468d6c9e5aff5f125f1109956f26be32e9cb"
"md","step-08-agents","bmb","bmb/workflows/module/steps-b/step-08-agents.md","891f06eb89c9bbf687286252a4dda6cb19b0cc0b084f4b919aab5d7518fa9c77"
"md","step-08-build-step-01","bmb","bmb/workflows/workflow/steps-c/step-08-build-step-01.md","cbdea1291bd9f2fe5d112ceb61caa05a81b00566997e4c5f7fc6d32ec4666267"
"md","step-08-celebrate","bmb","bmb/workflows/agent/steps-c/step-08-celebrate.md","291d03f324273ef6e00adb84e91e9f07821275e5554193333f3b069c976f1dfd"
"md","step-08-collaborative-experience-check","bmb","bmb/workflows/workflow/steps-v/step-08-collaborative-experience-check.md","5cffb645b0175b823f9607530625d1903920532f95e0d92b71fb233043dc4f4e"
"md","step-08-complete","bmb","bmb/workflows/module/steps-c/step-08-complete.md","4091277d4534a97e7865d08746eebdab51fcf18fbb767faa493ac60c9bcf31f0"
"md","step-08-report","bmb","bmb/workflows/module/steps-v/step-08-report.md","8e1d295dc29b6dab5fe0ec81f51b614cb8a62b849fe10895093685b3164fe2bd"
"md","step-08b-subprocess-optimization","bmb","bmb/workflows/workflow/steps-v/step-08b-subprocess-optimization.md","1934aa38ebabab0ddf2777cacddd96f37554dcda8f80812b87564a4b64925c36"
"md","step-09-build-next-step","bmb","bmb/workflows/workflow/steps-c/step-09-build-next-step.md","e814302a0713f910baadf6eda45696cd0ef632c4db38e32864f876fb2468cb38"
"md","step-09-cohesive-review","bmb","bmb/workflows/workflow/steps-v/step-09-cohesive-review.md","77e00f46ae55bb95ebeacc6380871befb2f60844f547b260eca08e77cb1e8618"
"md","step-09-workflows","bmb","bmb/workflows/module/steps-b/step-09-workflows.md","ce099465badf171f4451ebc6064de306e85807875f747bf5f4e3542ec93961e8"
"md","step-10-confirmation","bmb","bmb/workflows/workflow/steps-c/step-10-confirmation.md","17826ad707f57f19061cb227dc8234b2338175e9ef52a5ba4acde9c3be5f7ab6"
"md","step-10-report-complete","bmb","bmb/workflows/workflow/steps-v/step-10-report-complete.md","901274400fa20398593f392b2ec17da88045b09c6f36f29e71e0d4219d86acf0"
"md","step-10-tools","bmb","bmb/workflows/module/steps-b/step-10-tools.md","c66a53c8b35261e511663ada1adfc62486a7d8183a51f348e28ee74fb5cdb8bf"
"md","step-11-completion","bmb","bmb/workflows/workflow/steps-c/step-11-completion.md","fa84481cdadc7405628c44b18e231b5ced89dcf1105cc5ec7b0d57c3b085f193"
"md","step-11-plan-validation","bmb","bmb/workflows/workflow/steps-v/step-11-plan-validation.md","33421d9536fee94228d57adceddff16fe3ef2fb39e97402db855b449c74e1908"
"md","step-11-scenarios","bmb","bmb/workflows/module/steps-b/step-11-scenarios.md","27115e07abbee27dc44ddd519586a1f00e3069c1fda7998e726ca966d0774c9b"
"md","step-12-creative","bmb","bmb/workflows/module/steps-b/step-12-creative.md","f573cda16421dbf02433efcbc36f044a836badccbe2d112de0e72a60f9627043"
"md","step-13-review","bmb","bmb/workflows/module/steps-b/step-13-review.md","749dba242a70dad3bd969e7829a02b1bb1e067001deb66347cfb8938dbc893ff"
"md","step-14-finalize","bmb","bmb/workflows/module/steps-b/step-14-finalize.md","d384569594ef7e0b7b08249bec736e133117e9a3b543c07509709fb5842743d6"
"md","step-1b-template","bmb","bmb/workflows/workflow/templates/step-1b-template.md","1728f01e00cad05b727d292dd9f163c3d94e70cff3243c67f958aa412bffc5aa"
"md","step-e-01-assess-workflow","bmb","bmb/workflows/workflow/steps-e/step-e-01-assess-workflow.md","d35285d365240ef997b47c262715326293a47835f84d71cbe20f8084ef62ad67"
"md","step-e-02-discover-edits","bmb","bmb/workflows/workflow/steps-e/step-e-02-discover-edits.md","7066e66d5c16b5c853d60bb53a0ff9396236d0af3a7ebecbab2cdfbc329f4c84"
"md","step-e-03-fix-validation","bmb","bmb/workflows/workflow/steps-e/step-e-03-fix-validation.md","c62da8d8a497865d163774ef99c961d0b465b8863684dd6ab4e2b9dee76acf49"
"md","step-e-04-direct-edit","bmb","bmb/workflows/workflow/steps-e/step-e-04-direct-edit.md","9d5e13c0cc503c17d0977f1667d00b82b4191d875a269e04f6fb956c5cc0f27a"
"md","step-e-05-apply-edit","bmb","bmb/workflows/workflow/steps-e/step-e-05-apply-edit.md","c8e2613800416342214bc402433a4163afb26cd7561a9cac31e3e6bfe2a254aa"
"md","step-e-06-validate-after","bmb","bmb/workflows/workflow/steps-e/step-e-06-validate-after.md","130794b7a744775691256fe6b849e94a9764b8c22d775c9dce423c311145622f"
"md","step-e-07-complete","bmb","bmb/workflows/workflow/steps-e/step-e-07-complete.md","3c3b50718bcfc29a4db981bcf2c6cb4ff81598fc0ebe2f50ef36e4d0f7301c0f"
"md","step-file-rules","bmb","bmb/workflows/workflow/data/step-file-rules.md","0aacbe2cc3ed12dd6209f707e00587739f92c06ca366a2d11e636e9d0af3af08"
"md","step-template","bmb","bmb/workflows/workflow/templates/step-template.md","2bc3e860d0b59397c651137a020d0218982031df3eddd22f1bbc9bc0c3797ce1"
"md","step-type-patterns","bmb","bmb/workflows/workflow/data/step-type-patterns.md","baec92c85d847cc457d3c9abd8d5798d513bab1dc0dc87741df2cc020be44bc7"
"md","subprocess-optimization-patterns","bmb","bmb/workflows/workflow/data/subprocess-optimization-patterns.md","f294b2427c7fcf819fb5543f143256e76e00f17cd7f270b93407b582dc355a2a"
"md","trimodal-workflow-structure","bmb","bmb/workflows/workflow/data/trimodal-workflow-structure.md","e68aad679882cb6efdfccb6deea62545d8dae64515e69e53af932940d9ab8816"
"md","understanding-agent-types","bmb","bmb/workflows/agent/data/understanding-agent-types.md","557720a3623a57d29171c0d5dbbd79316223b3b1a7b40584fccaa16c24f7db39"
"md","v-01-load-review","bmb","bmb/workflows/agent/steps-v/v-01-load-review.md","fefd7a900ba8a7da52b1db89c95a64a91a470c4a812afdacad180b0c85ccb14b"
"md","v-02a-validate-metadata","bmb","bmb/workflows/agent/steps-v/v-02a-validate-metadata.md","3669dcb0235e35bd843454e2cc04ddaca8f9517c7617d79419196190044a0652"
"md","v-02b-validate-persona","bmb","bmb/workflows/agent/steps-v/v-02b-validate-persona.md","857ce47b198e0189f894b081166a20cfeb9dd618e46958c69208c33a673a4ce9"
"md","v-02c-validate-menu","bmb","bmb/workflows/agent/steps-v/v-02c-validate-menu.md","41b41443d64fd9c64aac1b3a19b38fc6ce72392c6fafa6f9a0659d8282d2b69b"
"md","v-02d-validate-structure","bmb","bmb/workflows/agent/steps-v/v-02d-validate-structure.md","b35f1ef68a1efd732e69aae6de63fc1e75b8b55b0dabc1e72588a1e9e5d1f093"
"md","v-02e-validate-sidecar","bmb","bmb/workflows/agent/steps-v/v-02e-validate-sidecar.md","c99008c277f4b43eb343fb422c0a4e05fb5034e3f9a14c9cf76e6d7ac321d267"
"md","v-03-summary","bmb","bmb/workflows/agent/steps-v/v-03-summary.md","6167d149c018ef818508595b04c47ecd9e3c08569751932d71d3f9ac0550b34b"
"md","workflow","bmb","bmb/workflows/agent/workflow.md","ee7b3cb606a80ed5ab533e27f49ee18d7d7df3658a71ddef4d3036025dba0132"
"md","workflow","bmb","bmb/workflows/module/workflow.md","54f823c5cb0d3a666d48b2ff3c0b2648f8ce83d7a1c51cb1ebefdfbb61aee022"
"md","workflow","bmb","bmb/workflows/workflow/workflow.md","0aa884a657ffb4412f258fc85b1e12d2283d759409d68db71a2946eb787fd000"
"md","workflow-chaining-standards","bmb","bmb/workflows/workflow/data/workflow-chaining-standards.md","2dc16a5a3c5008d5d5f68c308bed303d28d1157c6dd46d567ac21f761c8bb580"
"md","workflow-examples","bmb","bmb/workflows/workflow/data/workflow-examples.md","afe907b2929099189934eedb23a46a1ba93540ffd62b2afdbda3e5320c1a10b2"
"md","workflow-spec-template","bmb","bmb/workflows/module/templates/workflow-spec-template.md","5a3a958180e2ef0803b14237d8e225f632476fc7a144ba2aa7e9866c1a30eddd"
"md","workflow-template","bmb","bmb/workflows/workflow/templates/workflow-template.md","69b5725f58a76297f151ffc4cb1629fb7b33829e5e1f365f4cf0004d48b5082c"
"md","workflow-type-criteria","bmb","bmb/workflows/workflow/data/workflow-type-criteria.md","cfcc1ca1328f459e769ceeaa180331ab162d11a8485a95631fee63045aa6c3d3"
"yaml","config","bmb","bmb/config.yaml","d881e6a029e32af1ae5744a89fd96cc92fc5032635c630560a78fe89e495a286"
"csv","default-party","bmgd","bmgd/teams/default-party.csv","d3d3f670e044f8f2224c5545f2b50643c841b958b2316113ca02683ce6f8dfa1"
"csv","game-brain-methods","bmgd","bmgd/workflows/1-preproduction/brainstorm-game/game-brain-methods.csv","9dd6c853bcd04038223abf0263c465381dace3c9b13c9eb637f22ce9dc93210e"
"csv","game-types","bmgd","bmgd/workflows/2-design/gdd/game-types.csv","a44c04d09432c886a7a5a8112474bd32540d8e84de25b308dca0f96e570651fd"
"csv","pattern-categories","bmgd","bmgd/workflows/3-technical/game-architecture/pattern-categories.csv","d9a275931bfed32a65106ce374f2bf8e48ecc9327102a08f53b25818a8c78c04"
"csv","qa-index","bmgd","bmgd/gametest/qa-index.csv","2ee65c867ebd7379f6d170a474f85524acfd2590ae12f3b2f83fb4d4508f4c53"
"md","action-platformer","bmgd","bmgd/workflows/2-design/gdd/game-types/action-platformer.md","f1cbe9e9a52acd01ff120d05ce22fa81b30500933f62a3c6c36642280244057c"
"md","adventure","bmgd","bmgd/workflows/2-design/gdd/game-types/adventure.md","06aa57786c2e7ebc7580d501fcdefaabb28933c7b5785d6643bf643f58ae13e7"
"md","architecture-template","bmgd","bmgd/workflows/3-technical/game-architecture/templates/architecture-template.md","a4908c181b04483c589ece1eb09a39f835b8a0dcb871cb624897531c371f5166"
"md","backlog-template","bmgd","bmgd/workflows/4-production/code-review/backlog-template.md","84b1381c05012999ff9a8b036b11c8aa2f926db4d840d256b56d2fa5c11f4ef7"
"md","balance-testing","bmgd","bmgd/gametest/knowledge/balance-testing.md","01843831d603883219828afbe19784864464277f3bcddb2c104ff05bedbb8053"
"md","card-game","bmgd","bmgd/workflows/2-design/gdd/game-types/card-game.md","6b9298ace2607c8e93d64533e6406828053234282e4977e4407faa2e9302fd0a"
"md","certification-testing","bmgd","bmgd/gametest/knowledge/certification-testing.md","9e7f57aac247f9c4d384b498f749e2e2376b8706066fb60d3e7b9c27d3ffccab"
"md","checklist","bmgd","bmgd/workflows/1-preproduction/game-brief/checklist.md","3516d66cffceb3e5ab23e1ddc9aaed8c0335eb0755e7437488cdebff96162395"
"md","checklist","bmgd","bmgd/workflows/2-design/gdd/checklist.md","d733c5d0118d692710fb7af3018239f4fc01c47fe122437db6d8477d697b3fb3"
"md","checklist","bmgd","bmgd/workflows/2-design/narrative/checklist.md","9bcfa41212cd74869199dba1a7d9cd5691e2bbc49e6b74b11e51c32955477524"
"md","checklist","bmgd","bmgd/workflows/3-technical/game-architecture/checklist.md","1594e633febf7e00b4fa21189cab5ea3a07cb6107eb6b39521780224cdc2c3dc"
"md","checklist","bmgd","bmgd/workflows/4-production/code-review/checklist.md","e30d2890ba5c50777bbe04071f754e975a1d7ec168501f321a79169c4201dd28"
"md","checklist","bmgd","bmgd/workflows/4-production/correct-course/checklist.md","3a6fc88acc293c8527f88d6ca83c670aa5158ac3333fecfc4b53b6352e8f970d"
"md","checklist","bmgd","bmgd/workflows/4-production/create-story/checklist.md","5154aa874c6a79285eba644493e87411c6021baff72859490db6e693d15e0bb9"
"md","checklist","bmgd","bmgd/workflows/4-production/dev-story/checklist.md","630b68c6824a8785003a65553c1f335222b17be93b1bd80524c23b38bde1d8af"
"md","checklist","bmgd","bmgd/workflows/4-production/sprint-planning/checklist.md","80b10aedcf88ab1641b8e5f99c9a400c8fd9014f13ca65befc5c83992e367dd7"
"md","checklist","bmgd","bmgd/workflows/bmgd-quick-flow/quick-dev/checklist.md","ff1cf84e9a2c2388173c7756240266c30b2b7fe987955f996173c5740aa7cc9f"
"md","checklist","bmgd","bmgd/workflows/bmgd-quick-flow/quick-prototype/checklist.md","0c35f21e09728530d299635447e63a8fc664f0a836e1851a091d97c7c479971a"
"md","checklist","bmgd","bmgd/workflows/gametest/automate/checklist.md","b2eefabfba15ccf30a49d46eb0e2b3f9e88304e1c1bbe6febe00d1006d85e155"
"md","checklist","bmgd","bmgd/workflows/gametest/performance/checklist.md","20ab16701d3b0e51b90bcf394f9a74afc40e3db8e04dbdc6fff6f88287639954"
"md","checklist","bmgd","bmgd/workflows/gametest/playtest-plan/checklist.md","7d504957f7edb22081f5ae01b6f35db118414c33b4f612b6cd08b5f71645cbf3"
"md","checklist","bmgd","bmgd/workflows/gametest/test-design/checklist.md","5346d6af9545fed2f338834d58624b84598e4527cc21718b77bf9166b8a80840"
"md","checklist","bmgd","bmgd/workflows/gametest/test-framework/checklist.md","cb4e9255f7386eed2244e77d74a9086980950f3d62927f38f6ee7707676c1a39"
"md","checklist","bmgd","bmgd/workflows/gametest/test-review/checklist.md","2444685b29ed742dacfbab77f17cfbc17bd2fd4f91917afb01eb2b9c3f33ffca"
"md","compatibility-testing","bmgd","bmgd/gametest/knowledge/compatibility-testing.md","52647005c34e8219084c35536c6bcdec284936cdaf215cd0c6d130804f3823d7"
"md","fighting","bmgd","bmgd/workflows/2-design/gdd/game-types/fighting.md","52e5a142aac496ae7154fc0829bfbce1ef22296f0a464cf8e595aa14ca02eb86"
"md","game-brief-template","bmgd","bmgd/workflows/1-preproduction/game-brief/templates/game-brief-template.md","6d5555fae3763e8528898663d51276e0cc7d2d9725a8c74162d8e9732dbc5843"
"md","game-context","bmgd","bmgd/workflows/1-preproduction/brainstorm-game/game-context.md","d0f5cb4d6151bb65b799676281ea2af0fe1b5ec227c92ceba655ba363e18a0ba"
"md","gdd-template","bmgd","bmgd/workflows/2-design/gdd/templates/gdd-template.md","070ccbb7f491dc1b1d126245c2e4db4a55dbc5a7ee6a6df4be521ca70e3c9ea6"
"md","godot-testing","bmgd","bmgd/gametest/knowledge/godot-testing.md","8877e3e5d910e81d040e6f8a6a727341f788ecf96f619305e7fbb79a78fa0eff"
"md","horror","bmgd","bmgd/workflows/2-design/gdd/game-types/horror.md","7ff7599d5701bb7a8ef0e14f3ba614626cdd0d8960a8e880fc1cd41c5f508f75"
"md","idle-incremental","bmgd","bmgd/workflows/2-design/gdd/game-types/idle-incremental.md","515b52bb301e467c1f096cc55abde47159bb0b0d87157b9fa565973b48601ddf"
"md","input-testing","bmgd","bmgd/gametest/knowledge/input-testing.md","331c6c844db592deac86847e3982b5fad8ebb7ead322ab637093f92152bfe90d"
"md","instructions","bmgd","bmgd/workflows/1-preproduction/brainstorm-game/instructions.md","bdd6831316a43e7a59ebc098b535c1626c86f735832f7a268b2be45db05c0ddd"
"md","instructions","bmgd","bmgd/workflows/1-preproduction/game-brief/instructions.md","eed7269b51ac55d86986fd17b43d05f48be22321444a5f927e7ddfb1f5b4efe2"
"md","instructions","bmgd","bmgd/workflows/3-technical/game-architecture/instructions.md","8d513aabb9d6591103644f0a23b0276de22a229c7f8363cde0c3565c9f730117"
"md","instructions","bmgd","bmgd/workflows/4-production/correct-course/instructions.md","028597050baab4a6b218ceb5ae6e81bc4fb044f891bd5abc0e9a78f4f82d8862"
"md","instructions","bmgd","bmgd/workflows/4-production/retrospective/instructions.md","a98d0907a85c9af533e251cb41b75296cc6d4e126b826f043a2a652a094227d3"
"md","instructions","bmgd","bmgd/workflows/4-production/sprint-planning/instructions.md","6b4163d6aad7656cb88c464ce03eb70fa01969f643541fa8c92e9698d317974c"
"md","instructions","bmgd","bmgd/workflows/4-production/sprint-status/instructions.md","0e47a299bda42dc57ff86b84ce070d73f00485e949042a19531c46380e42d50f"
"md","instructions","bmgd","bmgd/workflows/bmgd-quick-flow/quick-dev/instructions.md","f2090e0f5045b68166ef3134046a063223ff59d392c2d56b79f31c3f353c47f3"
"md","instructions","bmgd","bmgd/workflows/bmgd-quick-flow/quick-prototype/instructions.md","96ea0a4da3e3dacf1710196987d521137bdd7f57e7bca21a0084596973e7b78c"
"md","instructions","bmgd","bmgd/workflows/bmgd-quick-flow/quick-spec/instructions.md","f1a179db6c73ae71cd30b9e8269672b6ba7b8c2fac9d9b63c331f5186d2f3931"
"md","instructions","bmgd","bmgd/workflows/gametest/automate/instructions.md","7aebebfe598f68454bd837b2ba9d41f3c50623091dc828311f5a41eb51d26f69"
"md","instructions","bmgd","bmgd/workflows/gametest/performance/instructions.md","d9582aa836748b18ae118fd6f7eb06d5d6a2453aa49aa24b0dfe8f3431d3dbd9"
"md","instructions","bmgd","bmgd/workflows/gametest/playtest-plan/instructions.md","831ae91b56224d21d29fbbbc97179f5d4aa59213f93c8a481b2001f757f78b8a"
"md","instructions","bmgd","bmgd/workflows/gametest/test-design/instructions.md","0a9fc1315e87ed52f8df570a13b28a24e731578e66a64643cd1c18dfb8242ff4"
"md","instructions","bmgd","bmgd/workflows/gametest/test-framework/instructions.md","d37520d263e3600cba4082b04ea0c038f45e73e9c0d13fac6abd71df45aca537"
"md","instructions","bmgd","bmgd/workflows/gametest/test-review/instructions.md","9d04e7f79d6dbed1064e52a1d7bfebb1328b073d02fdca2d305cffdd1a0eabea"
"md","instructions","bmgd","bmgd/workflows/workflow-status/init/instructions.md","cda190da90e0b61c83e54b354c8f2627656e75bda5aef6b5021e3f4801038089"
"md","instructions","bmgd","bmgd/workflows/workflow-status/instructions.md","fce63f6362e999d15a31881ab5b8550eb4b7e3422cc36d1d22929e753ee45c94"
"md","instructions-narrative","bmgd","bmgd/workflows/2-design/narrative/instructions-narrative.md","f3f9c6099f186a8984fb1b4a58868bdb7a7992b2e43209d8bb613d6bacc00565"
"md","localization-testing","bmgd","bmgd/gametest/knowledge/localization-testing.md","6eee5cccfd9a81db853a8aa2327bd5f898276155a0868758a2c76c6e9094d0fe"
"md","metroidvania","bmgd","bmgd/workflows/2-design/gdd/game-types/metroidvania.md","2a8c101dda7911d1cd1d9c66d1be86af3725832f5dcc7fab71e95204f45614ea"
"md","moba","bmgd","bmgd/workflows/2-design/gdd/game-types/moba.md","92d0ba9f7508a38d5bfeac1651c6aee8a1a58c54659ad3f0e0d1fd678a1ef498"
"md","multiplayer-testing","bmgd","bmgd/gametest/knowledge/multiplayer-testing.md","51ac9e47ba1a8ddae7720d301f97596d67d72252d91cd44338fd73353fc5969d"
"md","narrative-template","bmgd","bmgd/workflows/2-design/narrative/templates/narrative-template.md","a97e07173c540f85e946eb9c525e1ccad9294ae5f970760f2a9c537b5c0dcd6b"
"md","party-game","bmgd","bmgd/workflows/2-design/gdd/game-types/party-game.md","0cc50b3aede0c45c94cdff743cdac2d8ad67421ea80497a29d2300a1744ea703"
"md","performance-template","bmgd","bmgd/workflows/gametest/performance/performance-template.md","4bd04e73953f2f3dedff20b9032f99023656f141f21c080e49f15060c64ffa80"
"md","performance-testing","bmgd","bmgd/gametest/knowledge/performance-testing.md","b9acfb6f8d20b9f9d2e7b83419298f3053f6fc5dab5cb9005898d133556c09fe"
"md","playtest-template","bmgd","bmgd/workflows/gametest/playtest-plan/playtest-template.md","8fa7654007f4f881f0167cb252b6b9ca63c0735fb9e6ef63a4bc81954b428f47"
"md","playtesting","bmgd","bmgd/gametest/knowledge/playtesting.md","bd989a375d3e444da9b892bf0e33ed98c9f9d88f578f260501c3eaf7553d0b3c"
"md","project-context-template","bmgd","bmgd/workflows/3-technical/generate-project-context/project-context-template.md","4816f83b0edc8c7e19a57e4a4a6419ca40953fc7dcd48326700f2876e77c60fa"
"md","puzzle","bmgd","bmgd/workflows/2-design/gdd/game-types/puzzle.md","f9c08b6f087bfaa41ea08c9dfa78aa034f5ae46b627b9f476bdf8b4f5c3389ed"
"md","qa-automation","bmgd","bmgd/gametest/knowledge/qa-automation.md","1de6d14ea9299a2b73a2da33dff6c5b4c1bf5757365a5449968589baaa123cbc"
"md","racing","bmgd","bmgd/workflows/2-design/gdd/game-types/racing.md","085ea5d0914d7bc6a233c479d0ad6288a575ad1c8b9a8a85881e779fac0e60fc"
"md","regression-testing","bmgd","bmgd/gametest/knowledge/regression-testing.md","bbf85811219194de9df3499277f93427d2cc623384a8f1ac22726067ab6426dd"
"md","rhythm","bmgd","bmgd/workflows/2-design/gdd/game-types/rhythm.md","83bbf1761fdc604b8c2b50ed86c5874cce331417e1b3a46c65cb6c4c1a7c8db2"
"md","roguelike","bmgd","bmgd/workflows/2-design/gdd/game-types/roguelike.md","fb1ebc838011020a6f740e6fb4f2ceb81be8477f9c67bc7ae3a8e34dfe548f00"
"md","rpg","bmgd","bmgd/workflows/2-design/gdd/game-types/rpg.md","5aa57ecefb448a0507ee0c8d503b43bd34d0c612ba130240d1af9842b80cba50"
"md","sandbox","bmgd","bmgd/workflows/2-design/gdd/game-types/sandbox.md","836f656bbaae549f31ac574c0865a61de451c08ab8c561db2c93398e147ece85"
"md","save-testing","bmgd","bmgd/gametest/knowledge/save-testing.md","b64e42def93f604dcfadd6ed81c8950e1d0eb75d936f1da7de3f727323e76201"
"md","shooter","bmgd","bmgd/workflows/2-design/gdd/game-types/shooter.md","2452850295ac2b9fac04ce2d6126bfc19bb7dccbb04c40e7f89c801aecc5555d"
"md","simulation","bmgd","bmgd/workflows/2-design/gdd/game-types/simulation.md","fd74a7d21243f8d9827fe6a99263579309bc0aabd9e56261d3dd4eb5cfc75ad5"
"md","smoke-testing","bmgd","bmgd/gametest/knowledge/smoke-testing.md","41843100e39f9a2d48316623d979cfdeed5f0977db5241a1a52f1049301dcd6f"
"md","sports","bmgd","bmgd/workflows/2-design/gdd/game-types/sports.md","2247ea87dbca74e879f8c686d9e80434618e9e61bd3572739274c1af64cb0bb8"
"md","step-01-discover","bmgd","bmgd/workflows/3-technical/generate-project-context/steps/step-01-discover.md","41a123ead9f18cc92b2d3cf021729593f16250f4891887c7416afa519914b61a"
"md","step-01-init","bmgd","bmgd/workflows/1-preproduction/brainstorm-game/steps/step-01-init.md","b75d967f5a92b22877139edecc8bfcc448a61c18e2b08ea6a26ec370bd8b6682"
"md","step-01-init","bmgd","bmgd/workflows/1-preproduction/game-brief/steps/step-01-init.md","44ec265977e8a7c92cb62ee70ce3b2575077342d527b523751ff95c85a368130"
"md","step-01-init","bmgd","bmgd/workflows/2-design/gdd/steps/step-01-init.md","577da0c95c1d877e61c64a1cc0965a961769c381e91b24a2d65db5095d248a55"
"md","step-01-init","bmgd","bmgd/workflows/2-design/narrative/steps/step-01-init.md","d6d529ad43638a2f83951daa9a20857031b0db727a849e7103516d017d0958d2"
"md","step-01-init","bmgd","bmgd/workflows/3-technical/game-architecture/steps/step-01-init.md","d1fb8e675997d7cf57a46c58d3568e59650f892052afc75a44ce5df78b21bdb7"
"md","step-01b-continue","bmgd","bmgd/workflows/1-preproduction/game-brief/steps/step-01b-continue.md","cf4a04b3c3dad0afea130f644449272ee33709fa902b1dad7edd04da2e3ef159"
"md","step-01b-continue","bmgd","bmgd/workflows/2-design/gdd/steps/step-01b-continue.md","3be24ae601dce8e43accd5abc560f8e7c21dbc18d11364ea13d5f81be9eb36d4"
"md","step-01b-continue","bmgd","bmgd/workflows/2-design/narrative/steps/step-01b-continue.md","7030dd7c20085510c782225e0fb7af7f2115322ab7e2324d71a346aa7809d929"
"md","step-01b-continue","bmgd","bmgd/workflows/3-technical/game-architecture/steps/step-01b-continue.md","b5558cb422f12913a06957132af70d3048141863f17d824926dae426210beadc"
"md","step-02-context","bmgd","bmgd/workflows/1-preproduction/brainstorm-game/steps/step-02-context.md","635bc4c382a3608fb9a738d551e886184a03536a8f4d0e9cfad06c376b020b46"
"md","step-02-context","bmgd","bmgd/workflows/2-design/gdd/steps/step-02-context.md","2e50cc309e4b32ad42f909d543c5de5dc644b3b3a9f356592026b1160179809e"
"md","step-02-context","bmgd","bmgd/workflows/3-technical/game-architecture/steps/step-02-context.md","67005d37340c750b87d220e52e2872cc050d2502d028d8764d372237c7f7a977"
"md","step-02-foundation","bmgd","bmgd/workflows/2-design/narrative/steps/step-02-foundation.md","e08c23c14ed356aa833c39b4b0d7adc0349c7a6d0245e1f34670749f1bc7155c"
"md","step-02-generate","bmgd","bmgd/workflows/3-technical/generate-project-context/steps/step-02-generate.md","efcb26d55245547bf6746f319cd0057e4ad8aff8dd1b0cfacda31ecaa24fa9d4"
"md","step-02-vision","bmgd","bmgd/workflows/1-preproduction/game-brief/steps/step-02-vision.md","49c60f4845024def5fa983301a5d693278e0f1d134e5cdd55a67fa1f81b1941b"
"md","step-03-complete","bmgd","bmgd/workflows/3-technical/generate-project-context/steps/step-03-complete.md","30e45e59228a887210e5791bc9f87e29d459579c423db761d72acd9f154c91d8"
"md","step-03-ideation","bmgd","bmgd/workflows/1-preproduction/brainstorm-game/steps/step-03-ideation.md","f2ef150b3e21471c7fe013a99ce82df200b058e812ee7953471b97967945d71e"
"md","step-03-market","bmgd","bmgd/workflows/1-preproduction/game-brief/steps/step-03-market.md","d2aa5c60a718ff7aebc0dfb360c5a5a9f9043fecabf92ba2d30315c6b17cadea"
"md","step-03-platforms","bmgd","bmgd/workflows/2-design/gdd/steps/step-03-platforms.md","bfc51bfe9f7ce89966ba4c55f6b8a91c88c963cb91fa1d7ac0d325cfaeda9b4e"
"md","step-03-starter","bmgd","bmgd/workflows/3-technical/game-architecture/steps/step-03-starter.md","bba794cf888801d87d844c1816115e03fa093c6427e1ceeeab023e9f9ada66f7"
"md","step-03-story","bmgd","bmgd/workflows/2-design/narrative/steps/step-03-story.md","5f7b855acf3dc73ebf38c141013f4b249c3d5b2ebffdd0ed47423ae0dc82320e"
"md","step-04-characters","bmgd","bmgd/workflows/2-design/narrative/steps/step-04-characters.md","e9cb08ee72e1a69e1940480f0f35cd52790078cf60795e473d55a13ca6d73f1b"
"md","step-04-complete","bmgd","bmgd/workflows/1-preproduction/brainstorm-game/steps/step-04-complete.md","e1b30940510ea3a55cb720b6390dcff9b953bc69c503146f99833a9bc08dcd96"
"md","step-04-decisions","bmgd","bmgd/workflows/3-technical/game-architecture/steps/step-04-decisions.md","6116ee45f5dfc3d2cbf838520d70fc73cadb1b1e6ef9ca236ca3cf216824010e"
"md","step-04-fundamentals","bmgd","bmgd/workflows/1-preproduction/game-brief/steps/step-04-fundamentals.md","a1d5c5b28714dccbca2808f3913ad77c64f1b62fa2d28489ab921207a9d3d1d9"
"md","step-04-vision","bmgd","bmgd/workflows/2-design/gdd/steps/step-04-vision.md","cd42f98af1e7f0c09049382efe3812f9978ceba2cdd75b8eb0e76b4d65be2c6f"
"md","step-05-core-gameplay","bmgd","bmgd/workflows/2-design/gdd/steps/step-05-core-gameplay.md","15ac5f4cea07037b55ad79c289346efa918dd8d9b7500c05e815e003ca39c0d5"
"md","step-05-crosscutting","bmgd","bmgd/workflows/3-technical/game-architecture/steps/step-05-crosscutting.md","50a67e607333419420dc91b19d277b26cf2e5d652a730a833654ffa3ee66587a"
"md","step-05-scope","bmgd","bmgd/workflows/1-preproduction/game-brief/steps/step-05-scope.md","8136ed34e150f7d53383fb0e616921801bd3ecf05bea89b617a32ab26be5b334"
"md","step-05-world","bmgd","bmgd/workflows/2-design/narrative/steps/step-05-world.md","db6ed3bd031c2bd2bbb1b15e62c4bddcae995366bb98de749dea1f461f3db950"
"md","step-06-dialogue","bmgd","bmgd/workflows/2-design/narrative/steps/step-06-dialogue.md","1c18739301bd189f7a855b3fa7c198e8bb0e4b7276f035ded7f8801f8aaf9fda"
"md","step-06-mechanics","bmgd","bmgd/workflows/2-design/gdd/steps/step-06-mechanics.md","e0862966d02b01cb5569d9cd02b45715bd29f27a16c5c1b0e482375e42fa9ac2"
"md","step-06-references","bmgd","bmgd/workflows/1-preproduction/game-brief/steps/step-06-references.md","fe51d2bd700de63c74de980a90cceda6377cf41e1aabf49d86d7e04b5992a802"
"md","step-06-structure","bmgd","bmgd/workflows/3-technical/game-architecture/steps/step-06-structure.md","1059ac4924fea878725f5acbdac4260bdc6780907a6e49271a799bceb5e01414"
"md","step-07-content","bmgd","bmgd/workflows/1-preproduction/game-brief/steps/step-07-content.md","9151548de0597612b5131dbb8832611dafb246daf378342e88f117c5686285a7"
"md","step-07-environmental","bmgd","bmgd/workflows/2-design/narrative/steps/step-07-environmental.md","9746f27f8bb30416950a8f11b2be6ca8161b97d5f7eb5cb9db00eb1c80348242"
"md","step-07-game-type","bmgd","bmgd/workflows/2-design/gdd/steps/step-07-game-type.md","b0a559fece748216f98ea33cc695e351bc9e0cc6919d4aaa905745c7901b9b70"
"md","step-07-patterns","bmgd","bmgd/workflows/3-technical/game-architecture/steps/step-07-patterns.md","98dac8f913d5564810cca931a7a5c4071a57c81e2a695aa64444c119331316a6"
"md","step-08-complete","bmgd","bmgd/workflows/1-preproduction/game-brief/steps/step-08-complete.md","81486ebe85c3c08b74b2a28757b14f0515485e3088c0a809f4ba385036f125fe"
"md","step-08-delivery","bmgd","bmgd/workflows/2-design/narrative/steps/step-08-delivery.md","c5735c41c59321df769300e3e0d71c031a6cab2460d506bbd41f6eb3ec0994d5"
"md","step-08-progression","bmgd","bmgd/workflows/2-design/gdd/steps/step-08-progression.md","c89ad18c0970e05509085bd06f1b0190a86e9300bb3a20a01f64c27dd0df2a69"
"md","step-08-validation","bmgd","bmgd/workflows/3-technical/game-architecture/steps/step-08-validation.md","488df773723d3a7427bffff91d2ad4c95408c8dfbe9d4f468169e3a90e5f0551"
"md","step-09-complete","bmgd","bmgd/workflows/3-technical/game-architecture/steps/step-09-complete.md","6d35e73796aa89e434c4d9eb9df4f65b2b6ff74153f7fe74d0c5b8ba2b31b7f6"
"md","step-09-integration","bmgd","bmgd/workflows/2-design/narrative/steps/step-09-integration.md","a17211f9c9223e9a1573fb14b7bf1da76f83e17a89ce69af062daec6f9cf3fa9"
"md","step-09-levels","bmgd","bmgd/workflows/2-design/gdd/steps/step-09-levels.md","a920835955547e553ad5b544f9c3a847ab9b0040d2600dc95d017206aa120dc7"
"md","step-10-art-audio","bmgd","bmgd/workflows/2-design/gdd/steps/step-10-art-audio.md","dd635d9e3bd19136a99fe9ce62364271db1dde3f554ab500ae505de7722e7d6c"
"md","step-10-production","bmgd","bmgd/workflows/2-design/narrative/steps/step-10-production.md","8415b4fea6b59ac6265a99d596f874f5e709d1705629220a26ae41aaac608afa"
"md","step-11-complete","bmgd","bmgd/workflows/2-design/narrative/steps/step-11-complete.md","db06ae52aaca55dfb408675814ebe1b3af3e8ffc886c1f55e6f3833f816b1bf9"
"md","step-11-technical","bmgd","bmgd/workflows/2-design/gdd/steps/step-11-technical.md","61d6b6dd28706a1bbaa4c1ddd0146391ee10be5426438182a23350dc439d8ab2"
"md","step-12-epics","bmgd","bmgd/workflows/2-design/gdd/steps/step-12-epics.md","ae984ad9118381e0d276a3a70245b383ccbfb8272d76f92931e0e2e68fafdb8f"
"md","step-13-metrics","bmgd","bmgd/workflows/2-design/gdd/steps/step-13-metrics.md","184bbc29dc54753bf28fac104215068fbf138a81d74c8363f6ef9176ce24a7b1"
"md","step-14-complete","bmgd","bmgd/workflows/2-design/gdd/steps/step-14-complete.md","1a03344b38602302dd85033c7c87bc563d1b219430db746489137d0b64f8ba1d"
"md","strategy","bmgd","bmgd/workflows/2-design/gdd/game-types/strategy.md","997380919f6c1b408906c364f74e728b9c6b45bf2960d1f0bfe8b0def594735e"
"md","survival","bmgd","bmgd/workflows/2-design/gdd/game-types/survival.md","3647795ee0073a85217633412a41a938e51a553776acbe9ac953fb403e3437f9"
"md","template","bmgd","bmgd/workflows/4-production/create-story/template.md","29ba697368d77e88e88d0e7ac78caf7a78785a7dcfc291082aa96a62948afb67"
"md","test-design-template","bmgd","bmgd/workflows/gametest/test-design/test-design-template.md","3e1811023e6bf76ac1157903999380041fddffdddadfea18ec5872242d1d5eb1"
"md","test-priorities","bmgd","bmgd/gametest/knowledge/test-priorities.md","bf1c726cfcbd44511a97820e1c4d4de1f4b2579ca97cd216f91b91fbeb72e04a"
"md","test-review-template","bmgd","bmgd/workflows/gametest/test-review/test-review-template.md","62f64abc9e42f3014f65b7a663477ea2ae84eea7da423508761535da67d9ad0f"
"md","text-based","bmgd","bmgd/workflows/2-design/gdd/game-types/text-based.md","5895ca65dc93f676bb33b754f2c6be85d5d9b651df87d8431d404dc9bb736ee7"
"md","tower-defense","bmgd","bmgd/workflows/2-design/gdd/game-types/tower-defense.md","03a2cc577fdd1a183ba04409b01b22f2f38713d28f1278481b0f221858f97ec8"
"md","turn-based-tactics","bmgd","bmgd/workflows/2-design/gdd/game-types/turn-based-tactics.md","30a150d8a0ab746f0c67d414be79e7e421fff1b8b7a1b716e64800df72bdb6c2"
"md","unity-testing","bmgd","bmgd/gametest/knowledge/unity-testing.md","24137ebc37c270a8f1a32067ad33647aafd0bab5f4e46706241e5a3820831aee"
"md","unreal-testing","bmgd","bmgd/gametest/knowledge/unreal-testing.md","f20b9d11648ab7916df921183840bc5f8d452e98b54ef447f2ef94054b04b159"
"md","visual-novel","bmgd","bmgd/workflows/2-design/gdd/game-types/visual-novel.md","2d98f4c682f0abbd6330ac1bad04600c596e6b27302adbe9510fc0c0bf53052c"
"md","workflow","bmgd","bmgd/workflows/1-preproduction/brainstorm-game/workflow.md","0cee2a5de70aad957486b692430c37ebc7de9f66a5f548842cb32d0d0c6fd47b"
"md","workflow","bmgd","bmgd/workflows/1-preproduction/game-brief/workflow.md","288b8cc2749d4ca9954e20eb092801d513373061b19ea5cb6192486de4dea859"
"md","workflow","bmgd","bmgd/workflows/2-design/gdd/workflow.md","756afb87e4ba2a2f6c923dc7157f532eaeae044bc1a26ded64bfc495e1dc903c"
"md","workflow","bmgd","bmgd/workflows/2-design/narrative/workflow.md","15f0ca50dcbc7ad12e8ec9341f1e35222b035da437bb85ffdedcfc9a7aa3e2e0"
"md","workflow","bmgd","bmgd/workflows/3-technical/game-architecture/workflow.md","7b37e6faae0087d6e009b9a9b5db6237393f89b1c6928f64c7fac40b41b18d6f"
"md","workflow","bmgd","bmgd/workflows/3-technical/generate-project-context/workflow.md","6ee82a503cfd2ece5b034b6d1a1b66d154ad61f1dc79e864241c4017db31a033"
"xml","instructions","bmgd","bmgd/workflows/4-production/code-review/instructions.xml","d19f60193478ec55e8b383c88f13b2f9eb9e1533b39251b050eb2bf25f2ec3f5"
"xml","instructions","bmgd","bmgd/workflows/4-production/create-story/instructions.xml","1c010269f7473cd477d1bc7581a737062a79cda7b61e30aca7f80d946422bb11"
"xml","instructions","bmgd","bmgd/workflows/4-production/dev-story/instructions.xml","a2e824fbbf54ace573c22717c73639ab7ce74914cb7e5aecca954d2801187725"
"yaml","architecture-patterns","bmgd","bmgd/workflows/3-technical/game-architecture/architecture-patterns.yaml","00b9878fd753b756eec16a9f416b4975945d6439e1343673540da4bccb0b83f5"
"yaml","config","bmgd","bmgd/config.yaml","efb4098df863680c7dd995256734c01b7ba9ebd9a0d945870c98b9997429eaad"
"yaml","decision-catalog","bmgd","bmgd/workflows/3-technical/game-architecture/decision-catalog.yaml","f7fc2ed6ec6c4bd78ec808ad70d24751b53b4835e0aad1088057371f545d3c82"
"yaml","gamedev-brownfield","bmgd","bmgd/workflows/workflow-status/paths/gamedev-brownfield.yaml","5bc8b6da93f6b23f887e2d2c58fb069a3f19940ec02ae82a3dafbc7cecd98a3e"
"yaml","gamedev-greenfield","bmgd","bmgd/workflows/workflow-status/paths/gamedev-greenfield.yaml","b17fd2e60428fdbf32af9ad30b85b2016d2738f175045f3c41e742ce5dfeb9e6"
"yaml","project-levels","bmgd","bmgd/workflows/workflow-status/project-levels.yaml","7faae979120ac99048febb151d290c07ff1a3f75f45a843c225c907c21e523b2"
"yaml","quickflow-brownfield","bmgd","bmgd/workflows/workflow-status/paths/quickflow-brownfield.yaml","e4276a26c52b504578bf0d139988233879433b30c7e6047542f7948dfd487af8"
"yaml","quickflow-greenfield","bmgd","bmgd/workflows/workflow-status/paths/quickflow-greenfield.yaml","3f072164aeb118f3cef2829e5c783345ddb4216099da9111c25f53d8688e1d65"
"yaml","sprint-status-template","bmgd","bmgd/workflows/4-production/sprint-planning/sprint-status-template.yaml","de75fe50bd5e3f4410ccc99fcd3f5dc958733b3829af1b13b4d7b0559bbca22b"
"yaml","team-gamedev","bmgd","bmgd/teams/team-gamedev.yaml","f362ed346e2339a9f07456c3d4cc20431b74c96330c02af902e0324a9fa4ff0d"
"yaml","workflow","bmgd","bmgd/workflows/1-preproduction/brainstorm-game/workflow.yaml","97ae193fc9e15b5432f0f28c129153cd0807d7c1bbc38ec3e34655a3be64215d"
"yaml","workflow","bmgd","bmgd/workflows/1-preproduction/game-brief/workflow.yaml","693c8eef109cb68e0d6fc81f3e638433f3f6e62ab8f6f9c5dd50f353bcb60ecf"
"yaml","workflow","bmgd","bmgd/workflows/2-design/gdd/workflow.yaml","3916778dedc47f6afbce806ff0e52833a2135e66205ae813270c1fdbf194e2a0"
"yaml","workflow","bmgd","bmgd/workflows/2-design/narrative/workflow.yaml","b4974e893276f82be0f7088f2ba40aac85e7313f4e12131fbc0f7079126e688d"
"yaml","workflow","bmgd","bmgd/workflows/3-technical/game-architecture/workflow.yaml","c2ff4e30df343b6b3974bc6ab917b167b6d294ead12f1926cff188616694c165"
"yaml","workflow","bmgd","bmgd/workflows/4-production/code-review/workflow.yaml","e20e33b8bbba6b2b86ef9430b005e168acdf41468292e986c8bc3809c07aa540"
"yaml","workflow","bmgd","bmgd/workflows/4-production/correct-course/workflow.yaml","1e3ed5d1bf7d23c98f0e5bfcaf3372335e4656a35cbce5670203c170242ea927"
"yaml","workflow","bmgd","bmgd/workflows/4-production/create-story/workflow.yaml","ec3afbc57a26bd6b6ced83dc4da9c5066ec19bd3b33e3fa0adabdd6f15245103"
"yaml","workflow","bmgd","bmgd/workflows/4-production/dev-story/workflow.yaml","ac1b72b0b9e46ac2b5d204d64494347414b24c4e06fb275f74333ecc041e727d"
"yaml","workflow","bmgd","bmgd/workflows/4-production/retrospective/workflow.yaml","694a70bd9a1fbb0f996ebbc3160f6d8bb861c7bdcb4b4eaafdd1b1c1ffe65215"
"yaml","workflow","bmgd","bmgd/workflows/4-production/sprint-planning/workflow.yaml","1994fadc4ea0e46df683bdc6b73a1c9b7bf28ca9f321e767dd62ed24eeb930a9"
"yaml","workflow","bmgd","bmgd/workflows/4-production/sprint-status/workflow.yaml","77edce30612db936b2b0736a7504476c090e7f021d8826b0cfc21d8d78fa2f48"
"yaml","workflow","bmgd","bmgd/workflows/bmgd-quick-flow/quick-dev/workflow.yaml","f9949455bca1b4e008eb26690cccb3a7cb965a9d50f706027eaf31bf11ec3458"
"yaml","workflow","bmgd","bmgd/workflows/bmgd-quick-flow/quick-prototype/workflow.yaml","96fa6de39134a0b0660742c97b390045eb7069e512860ada266dc62d47145ea4"
"yaml","workflow","bmgd","bmgd/workflows/bmgd-quick-flow/quick-spec/workflow.yaml","250c7358358cd49b0e850ac6373526d0677912be60d0967939b3be06451c16a0"
"yaml","workflow","bmgd","bmgd/workflows/gametest/automate/workflow.yaml","b2288417061eed7164874a8225733aa6d9fc098ca6700d8043431ee9638c7e07"
"yaml","workflow","bmgd","bmgd/workflows/gametest/performance/workflow.yaml","576a2abbc34d8d2cfeb097baf07a980655a8db3f26ef2371561c00babdbceca9"
"yaml","workflow","bmgd","bmgd/workflows/gametest/playtest-plan/workflow.yaml","b57f9a974a1e28e83181554d6d9705068348e7f9f97487762949a6aa575e5aec"
"yaml","workflow","bmgd","bmgd/workflows/gametest/test-design/workflow.yaml","5a1252742975b2b1fa41dd0d24434e5808306011374004f5d8dd276c8c581374"
"yaml","workflow","bmgd","bmgd/workflows/gametest/test-framework/workflow.yaml","11424fa504c20809e94a574e0e807575fd74abcc4579e4663d111f4e56119d28"
"yaml","workflow","bmgd","bmgd/workflows/gametest/test-review/workflow.yaml","6a1689b44c80c80a23f5cd113757b500a8445a01395de6cbe73e5d18aaada9e6"
"yaml","workflow","bmgd","bmgd/workflows/workflow-status/init/workflow.yaml","3888c2fdf4524b7fd73918b0c0aea148709e9e45b65ed9667df78e2ba8df6429"
"yaml","workflow","bmgd","bmgd/workflows/workflow-status/workflow.yaml","780856bd269f155c99ca2a4fa42896ca697c37b86eb4b7bb2f3901acb5ae3a1f"
"yaml","workflow-status-template","bmgd","bmgd/workflows/workflow-status/workflow-status-template.yaml","5742b41a5b4c23d137ffd89f4097c3c8d0330e116690a24a69ceb56fa3ec5b12"
"csv","default-party","bmm","bmm/teams/default-party.csv","43209253a2e784e6b054a4ac427c9532a50d9310f6a85052d93ce975b9162156"
"csv","documentation-requirements","bmm","bmm/workflows/document-project/documentation-requirements.csv","d1253b99e88250f2130516b56027ed706e643bfec3d99316727a4c6ec65c6c1d"
"csv","domain-complexity","bmm","bmm/workflows/2-plan-workflows/prd/data/domain-complexity.csv","ed4d30e9fd87db2d628fb66cac7a302823ef6ebb3a8da53b9265326f10a54e11"
"csv","domain-complexity","bmm","bmm/workflows/3-solutioning/create-architecture/data/domain-complexity.csv","cb9244ed2084143146f9f473244ad9cf63d33891742b9f6fbcb6e354fa4f3a93"
"csv","project-types","bmm","bmm/workflows/2-plan-workflows/prd/data/project-types.csv","7a01d336e940fb7a59ff450064fd1194cdedda316370d939264a0a0adcc0aca3"
"csv","project-types","bmm","bmm/workflows/3-solutioning/create-architecture/data/project-types.csv","12343635a2f11343edb1d46906981d6f5e12b9cad2f612e13b09460b5e5106e7"
"csv","tea-index","bmm","bmm/testarch/tea-index.csv","b4149a6d51f80bbdcce9bd3bd201d51a79dbcf666b65a238d3bbd2164a5f6ef3"
"json","excalidraw-library","bmm","bmm/workflows/excalidraw-diagrams/_shared/excalidraw-library.json","8e5079f4e79ff17f4781358423f2126a1f14ab48bbdee18fd28943865722030c"
"json","project-scan-report-schema","bmm","bmm/workflows/document-project/templates/project-scan-report-schema.json","53255f15a10cab801a1d75b4318cdb0095eed08c51b3323b7e6c236ae6b399b7"
"md","api-request","bmm","bmm/testarch/knowledge/api-request.md","c12a7fe2dfec4919a259e5970a9621559f1e5769a711c4774e75df77805deb09"
"md","api-testing-patterns","bmm","bmm/testarch/knowledge/api-testing-patterns.md","e820f3502b79418fad9e3768c9e3472a6ce4c62bcd06c3aed81e70ae9d2b523b"
"md","architecture-decision-template","bmm","bmm/workflows/3-solutioning/create-architecture/architecture-decision-template.md","5d9adf90c28df61031079280fd2e49998ec3b44fb3757c6a202cda353e172e9f"
"md","atdd-checklist-template","bmm","bmm/workflows/testarch/atdd/atdd-checklist-template.md","b89f46efefbf08ddd4c58392023a39bd60db353a3f087b299e32be27155fa740"
"md","auth-session","bmm","bmm/testarch/knowledge/auth-session.md","4899f553ac21783644b633e05193096195f8e09a4aab6ed431a38bfde51610ba"
"md","burn-in","bmm","bmm/testarch/knowledge/burn-in.md","5ba3d2abe6b961e5bc3948ab165e801195bff3ee6e66569c00c219b484aa4b5d"
"md","checklist","bmm","bmm/workflows/4-implementation/code-review/checklist.md","e30d2890ba5c50777bbe04071f754e975a1d7ec168501f321a79169c4201dd28"
"md","checklist","bmm","bmm/workflows/4-implementation/correct-course/checklist.md","d3d30482c5e82a84c15c10dacb50d960456e98cfc5a8ddc11b54e14f3a850029"
"md","checklist","bmm","bmm/workflows/4-implementation/create-story/checklist.md","5154aa874c6a79285eba644493e87411c6021baff72859490db6e693d15e0bb9"
"md","checklist","bmm","bmm/workflows/4-implementation/dev-story/checklist.md","630b68c6824a8785003a65553c1f335222b17be93b1bd80524c23b38bde1d8af"
"md","checklist","bmm","bmm/workflows/4-implementation/sprint-planning/checklist.md","80b10aedcf88ab1641b8e5f99c9a400c8fd9014f13ca65befc5c83992e367dd7"
"md","checklist","bmm","bmm/workflows/document-project/checklist.md","581b0b034c25de17ac3678db2dbafedaeb113de37ddf15a4df6584cf2324a7d7"
"md","checklist","bmm","bmm/workflows/excalidraw-diagrams/create-dataflow/checklist.md","f420aaf346833dfda5454ffec9f90a680e903453bcc4d3e277d089e6781fec55"
"md","checklist","bmm","bmm/workflows/excalidraw-diagrams/create-diagram/checklist.md","6357350a6e2237c1b819edd8fc847e376192bf802000cb1a4337c9584fc91a18"
"md","checklist","bmm","bmm/workflows/excalidraw-diagrams/create-flowchart/checklist.md","45aaf882b8e9a1042683406ae2cfc0b23d3d39bd1dac3ddb0778d5b7165f7047"
"md","checklist","bmm","bmm/workflows/excalidraw-diagrams/create-wireframe/checklist.md","588f9354bf366c173aa261cf5a8b3a87c878ea72fd2c0f8088c4b3289e984641"
"md","checklist","bmm","bmm/workflows/testarch/atdd/checklist.md","d86b1718207a7225e57bc9ac281dc78f22806ac1bfdb9d770ac5dccf7ed8536b"
"md","checklist","bmm","bmm/workflows/testarch/automate/checklist.md","3a8f47b83ad8eff408f7126f7729d4b930738bf7d03b0caea91d1ef49aeb19ee"
"md","checklist","bmm","bmm/workflows/testarch/ci/checklist.md","dfb1ffff2028566d8f0e46a15024d407df5a5e1fad253567f56ee2903618d419"
"md","checklist","bmm","bmm/workflows/testarch/framework/checklist.md","16cc3aee710abb60fb85d2e92f0010b280e66b38fac963c0955fb36e7417103a"
"md","checklist","bmm","bmm/workflows/testarch/nfr-assess/checklist.md","1f070e990c0778b2066f05c31f94c9ddcb97a695e7ae8322b4f487f75fe62d57"
"md","checklist","bmm","bmm/workflows/testarch/test-design/checklist.md","f7ac96d3c61500946c924e1c1924f366c3feae23143c8d130f044926365096e1"
"md","checklist","bmm","bmm/workflows/testarch/test-review/checklist.md","e39f2fb9c2dbfd158e5b5c1602fd15d5dbd3b0f0616d171e0551c356c92416f9"
"md","checklist","bmm","bmm/workflows/testarch/trace/checklist.md","c67b2a1ee863c55b95520db0bc9c1c0a849afee55f96733a08bb2ec55f40ad70"
"md","ci-burn-in","bmm","bmm/testarch/knowledge/ci-burn-in.md","4cdcf7b576dae8b5cb591a6fad69674f65044a0dc72ea57d561623dac93ec475"
"md","component-tdd","bmm","bmm/testarch/knowledge/component-tdd.md","88bd1f9ca1d5bcd1552828845fe80b86ff3acdf071bac574eda744caf7120ef8"
"md","contract-testing","bmm","bmm/testarch/knowledge/contract-testing.md","d8f662c286b2ea4772213541c43aebef006ab6b46e8737ebdc4a414621895599"
"md","data-factories","bmm","bmm/testarch/knowledge/data-factories.md","d7428fe7675da02b6f5c4c03213fc5e542063f61ab033efb47c1c5669b835d88"
"md","deep-dive-instructions","bmm","bmm/workflows/document-project/workflows/deep-dive-instructions.md","8cb3d32d7685e5deff4731c2003d30b4321ef6c29247b3ddbe672c185e022604"
"md","deep-dive-template","bmm","bmm/workflows/document-project/templates/deep-dive-template.md","6198aa731d87d6a318b5b8d180fc29b9aa53ff0966e02391c17333818e94ffe9"
"md","documentation-standards","bmm","bmm/data/documentation-standards.md","fc26d4daff6b5a73eb7964eacba6a4f5cf8f9810a8c41b6949c4023a4176d853"
"md","email-auth","bmm","bmm/testarch/knowledge/email-auth.md","43f4cc3138a905a91f4a69f358be6664a790b192811b4dfc238188e826f6b41b"
"md","epics-template","bmm","bmm/workflows/3-solutioning/create-epics-and-stories/templates/epics-template.md","b8ec5562b2a77efd80c40eba0421bbaab931681552e5a0ff01cd93902c447ff7"
"md","error-handling","bmm","bmm/testarch/knowledge/error-handling.md","8a314eafb31e78020e2709d88aaf4445160cbefb3aba788b62d1701557eb81c1"
"md","feature-flags","bmm","bmm/testarch/knowledge/feature-flags.md","f6db7e8de2b63ce40a1ceb120a4055fbc2c29454ad8fca5db4e8c065d98f6f49"
"md","file-utils","bmm","bmm/testarch/knowledge/file-utils.md","2d7643588d9f0288174f221f3b1bb3cf529ef6af7826d86959d17c8c9e60657b"
"md","fixture-architecture","bmm","bmm/testarch/knowledge/fixture-architecture.md","a3b6c1bcaf5e925068f3806a3d2179ac11dde7149e404bc4bb5602afb7392501"
"md","fixtures-composition","bmm","bmm/testarch/knowledge/fixtures-composition.md","8e57a897663a272fd603026aeec76941543c1e09d129e377846726fd405f3a5a"
"md","full-scan-instructions","bmm","bmm/workflows/document-project/workflows/full-scan-instructions.md","6c6e0d77b33f41757eed8ebf436d4def69cd6ce412395b047bf5909f66d876aa"
"md","index-template","bmm","bmm/workflows/document-project/templates/index-template.md","42c8a14f53088e4fda82f26a3fe41dc8a89d4bcb7a9659dd696136378b64ee90"
"md","instructions","bmm","bmm/workflows/4-implementation/correct-course/instructions.md","bd56efff69b1c72fbd835cbac68afaac043cf5004d021425f52935441a3c779d"
"md","instructions","bmm","bmm/workflows/4-implementation/retrospective/instructions.md","c1357ee8149935b391db1fd7cc9869bf3b450132f04d27fbb11906d421923bf8"
"md","instructions","bmm","bmm/workflows/4-implementation/sprint-planning/instructions.md","8ac972eb08068305223e37dceac9c3a22127062edae2692f95bc16b8dbafa046"
"md","instructions","bmm","bmm/workflows/4-implementation/sprint-status/instructions.md","8f883c7cf59460012b855465c7cbc896f0820afb11031c2b1b3dd514ed9f4b63"
"md","instructions","bmm","bmm/workflows/document-project/instructions.md","faba39025e187c6729135eccf339ec1e08fbdc34ad181583de8161d3d805aaaf"
"md","instructions","bmm","bmm/workflows/excalidraw-diagrams/create-dataflow/instructions.md","c3fc2918879988d73ee23279eb5e3d289c46f8271fd824ddbd3ff216303ce33c"
"md","instructions","bmm","bmm/workflows/excalidraw-diagrams/create-diagram/instructions.md","cccf1d3d9c4a701a1813ca94503e0c4319d6f517ebfe6b4c22d59043975f4119"
"md","instructions","bmm","bmm/workflows/excalidraw-diagrams/create-flowchart/instructions.md","1910dc06714779abbe4f6f6fceb7a74fc87ca009cddc5c34e9ab97279cc47a65"
"md","instructions","bmm","bmm/workflows/excalidraw-diagrams/create-wireframe/instructions.md","e40389e71f3afa125ebf4587c58c08753cd6c9bbe4f473c1af02b022ac4be350"
"md","instructions","bmm","bmm/workflows/testarch/atdd/instructions.md","8b22d80ff61fd90b4f8402d5b5ab69d01a2c9f00cc4e1aa23aef49720db9254b"
"md","instructions","bmm","bmm/workflows/testarch/automate/instructions.md","6611e6abc114f68c16f3121dc2c2a2dcfefc355f857099b814b715f6d646a81c"
"md","instructions","bmm","bmm/workflows/testarch/ci/instructions.md","8cc49d93e549eb30952320b1902624036d23e92a6bbaf3f012d2a18dc67a9141"
"md","instructions","bmm","bmm/workflows/testarch/framework/instructions.md","902212128052de150753ce0cabb9be0423da782ba280c3b5c198bc16e8ae7eb3"
"md","instructions","bmm","bmm/workflows/testarch/nfr-assess/instructions.md","6a4ef0830a65e96f41e7f6f34ed5694383e0935a46440c77a4a29cbfbd5f75f9"
"md","instructions","bmm","bmm/workflows/testarch/test-design/instructions.md","798578c6523f44a523ee42d8cd3c2f2f2544ee07b8210363943e4353b7247199"
"md","instructions","bmm","bmm/workflows/testarch/test-review/instructions.md","f1dfb61f7a7d9e584d398987fdcb8ab27b4835d26b6a001ca4611b8a3da4c32d"
"md","instructions","bmm","bmm/workflows/testarch/trace/instructions.md","233cfb6922fe0f7aaa3512fcda08017b0f89de663f66903474b0abf2e1d01614"
"md","instructions","bmm","bmm/workflows/workflow-status/init/instructions.md","cd7f8e8de5c5b775b1aa1d6ea3b02f1d47b24fa138b3ed73877287a58fcdb9a1"
"md","instructions","bmm","bmm/workflows/workflow-status/instructions.md","b3b0eb918e13fbc04091b9d5ca6e34e34ea5f6aa947f4ee32e44594c9adf4612"
"md","intercept-network-call","bmm","bmm/testarch/knowledge/intercept-network-call.md","dfe7d8969327dfdbb5296caa07a9888d18799cf70f3d4439ab5c2e5695e6df79"
"md","log","bmm","bmm/testarch/knowledge/log.md","6a92403dd927deeb8e8e03ac227633bd353885fdca4087e52de6d1575f104d22"
"md","network-error-monitor","bmm","bmm/testarch/knowledge/network-error-monitor.md","f3a121cb5ff9adff9929f044ad56a97340c269cb953f723c3a0f691e2174143f"
"md","network-first","bmm","bmm/testarch/knowledge/network-first.md","2920e58e145626f5505bcb75e263dbd0e6ac79a8c4c2ec138f5329e06a6ac014"
"md","network-recorder","bmm","bmm/testarch/knowledge/network-recorder.md","c8d6802bbdd7242bd4ec33bde66e729cfccc9f9c6e8b33ce9c277305af2d3165"
"md","nfr-criteria","bmm","bmm/testarch/knowledge/nfr-criteria.md","e63cee4a0193e4858c8f70ff33a497a1b97d13a69da66f60ed5c9a9853025aa1"
"md","nfr-report-template","bmm","bmm/workflows/testarch/nfr-assess/nfr-report-template.md","229bdabe07577d24679eb9d42283b353dbde21338157188d8f555fdef200b91c"
"md","overview","bmm","bmm/testarch/knowledge/overview.md","84da16c715d968fdc1f0b749d66fd791da609a96b0555358a40228da44b29472"
"md","playwright-config","bmm","bmm/testarch/knowledge/playwright-config.md","42516511104a7131775f4446196cf9e5dd3295ba3272d5a5030660b1dffaa69f"
"md","prd-purpose","bmm","bmm/workflows/2-plan-workflows/prd/data/prd-purpose.md","49c4641b91504bb14e3887029b70beacaff83a2de200ced4f8cb11c1356ecaee"
"md","prd-template","bmm","bmm/workflows/2-plan-workflows/prd/templates/prd-template.md","7ccccab9c06a626b7a228783b0b9b6e4172e9ec0b10d47bbfab56958c898f837"
"md","probability-impact","bmm","bmm/testarch/knowledge/probability-impact.md","446dba0caa1eb162734514f35366f8c38ed3666528b0b5e16c7f03fd3c537d0f"
"md","product-brief.template","bmm","bmm/workflows/1-analysis/create-product-brief/product-brief.template.md","ae0f58b14455efd75a0d97ba68596a3f0b58f350cd1a0ee5b1af69540f949781"
"md","project-context-template","bmm","bmm/data/project-context-template.md","34421aed3e0ad921dc0c0080297f3a2299735b00a25351de589ada99dae56559"
"md","project-context-template","bmm","bmm/workflows/generate-project-context/project-context-template.md","54e351394ceceb0ac4b5b8135bb6295cf2c37f739c7fd11bb895ca16d79824a5"
"md","project-overview-template","bmm","bmm/workflows/document-project/templates/project-overview-template.md","a7c7325b75a5a678dca391b9b69b1e3409cfbe6da95e70443ed3ace164e287b2"
"md","readiness-report-template","bmm","bmm/workflows/3-solutioning/check-implementation-readiness/templates/readiness-report-template.md","0da97ab1e38818e642f36dc0ef24d2dae69fc6e0be59924dc2dbf44329738ff6"
"md","README","bmm","bmm/data/README.md","352c44cff4dd0e5a90cdf6781168ceb57f5a78eaabddcd168433d8784854e4fb"
"md","recurse","bmm","bmm/testarch/knowledge/recurse.md","35da42223beb2f0c5feca9e830e85697fe057960f9e0c32d76ea44c649d7d7ec"
"md","research.template","bmm","bmm/workflows/1-analysis/research/research.template.md","507bb6729476246b1ca2fca4693986d286a33af5529b6cd5cb1b0bb5ea9926ce"
"md","risk-governance","bmm","bmm/testarch/knowledge/risk-governance.md","2fa2bc3979c4f6d4e1dec09facb2d446f2a4fbc80107b11fc41cbef2b8d65d68"
"md","selective-testing","bmm","bmm/testarch/knowledge/selective-testing.md","c14c8e1bcc309dbb86a60f65bc921abf5a855c18a753e0c0654a108eb3eb1f1c"
"md","selector-resilience","bmm","bmm/testarch/knowledge/selector-resilience.md","a55c25a340f1cd10811802665754a3f4eab0c82868fea61fea9cc61aa47ac179"
"md","source-tree-template","bmm","bmm/workflows/document-project/templates/source-tree-template.md","109bc335ebb22f932b37c24cdc777a351264191825444a4d147c9b82a1e2ad7a"
"md","step-01-discover","bmm","bmm/workflows/generate-project-context/steps/step-01-discover.md","0f1455c018b2f6df0b896d25e677690e1cf58fa1b276d90f0723187d786d6613"
"md","step-01-document-discovery","bmm","bmm/workflows/3-solutioning/check-implementation-readiness/steps/step-01-document-discovery.md","a53b3d89542278d0552f2d3ad8694fcd3a8e3917a893432cc227ae80eb9dd8ae"
"md","step-01-init","bmm","bmm/workflows/1-analysis/create-product-brief/steps/step-01-init.md","f8d5eba86780fbe6adcc443c155f201f10da8f557577a907bf6689d228a7d4d7"
"md","step-01-init","bmm","bmm/workflows/1-analysis/research/domain-steps/step-01-init.md","efee243f13ef54401ded88f501967b8bc767460cec5561b2107fc03fe7b7eab1"
"md","step-01-init","bmm","bmm/workflows/1-analysis/research/market-steps/step-01-init.md","ee7627e44ba76000569192cbacf2317f8531fd0fedc4801035267dc71d329787"
"md","step-01-init","bmm","bmm/workflows/1-analysis/research/technical-steps/step-01-init.md","c9a1627ecd26227e944375eb691e7ee6bc9f5db29a428a5d53e5d6aef8bb9697"
"md","step-01-init","bmm","bmm/workflows/2-plan-workflows/create-ux-design/steps/step-01-init.md","7b3467a29126c9498b57b06d688f610bcb7a68a8975208c209dd1103546bc455"
"md","step-01-init","bmm","bmm/workflows/2-plan-workflows/prd/steps-c/step-01-init.md","0bc3d24b7bdb160e671c8a01435b345dec20f39f8ce4a0b09e5f70ca0cbbb192"
"md","step-01-init","bmm","bmm/workflows/3-solutioning/create-architecture/steps/step-01-init.md","c730b1f23f0298853e5bf0b9007c2fc86e835fb3d53455d2068a6965d1192f49"
"md","step-01-mode-detection","bmm","bmm/workflows/bmad-quick-flow/quick-dev/steps/step-01-mode-detection.md","917bdb37befeac6f63545c00ef6bd8c02cdd813425bdc003fc3cad113f7d5f78"
"md","step-01-understand","bmm","bmm/workflows/bmad-quick-flow/quick-spec/steps/step-01-understand.md","dd4ce701f0520d589efbb7508deac2d98e59f250d93f8c192104acdc160e02b3"
"md","step-01-validate-prerequisites","bmm","bmm/workflows/3-solutioning/create-epics-and-stories/steps/step-01-validate-prerequisites.md","0280ea7d2fd5555837f10c1c85c2f729012460309fad414fdc18af28e4043584"
"md","step-01b-continue","bmm","bmm/workflows/1-analysis/create-product-brief/steps/step-01b-continue.md","3fff493106b23ba52c21a5387e4804f7eacc8d8991d25dbcf59df5e93334c080"
"md","step-01b-continue","bmm","bmm/workflows/2-plan-workflows/create-ux-design/steps/step-01b-continue.md","fde4bf8fa3a6d3230d20cb23e71cbc8e2db1cd2b30b693e13d0b3184bc6bb9a6"
"md","step-01b-continue","bmm","bmm/workflows/2-plan-workflows/prd/steps-c/step-01b-continue.md","062faef1d0b4ca8663040451260823a89d7b733bba0168d0e8105181ec1a1815"
"md","step-01b-continue","bmm","bmm/workflows/3-solutioning/create-architecture/steps/step-01b-continue.md","c6cc389b49682a8835382d477d803a75acbad01b24da1b7074ce140d82b278dc"
"md","step-02-context","bmm","bmm/workflows/3-solutioning/create-architecture/steps/step-02-context.md","e69de083257a5dd84083cadcb55deeefb1cdfdee90f52eb3bfbaadbe6602a627"
"md","step-02-context-gathering","bmm","bmm/workflows/bmad-quick-flow/quick-dev/steps/step-02-context-gathering.md","d87578f75729e37e979dcedc09de0b9aa56d2eb16710924339aadc9726a8cefc"
"md","step-02-customer-behavior","bmm","bmm/workflows/1-analysis/research/market-steps/step-02-customer-behavior.md","ca77a54143c2df684cf859e10cea48c6ea1ce8e297068a0f0f26ee63d3170c1e"
"md","step-02-customer-insights","bmm","bmm/workflows/1-analysis/research/market-steps/step-02-customer-insights.md","de7391755e7c8386096ed2383c24917dd6cab234843b34004e230d6d3d0e3796"
"md","step-02-design-epics","bmm","bmm/workflows/3-solutioning/create-epics-and-stories/steps/step-02-design-epics.md","8019215f02a75796b8eb576e125fe4778a9a4bbf4bebdc8919ee83fdfab965cb"
"md","step-02-discovery","bmm","bmm/workflows/2-plan-workflows/create-ux-design/steps/step-02-discovery.md","021d197dfdf071548adf5cfb80fb3b638b5a5d70889b926de221e1e61cea4137"
"md","step-02-discovery","bmm","bmm/workflows/2-plan-workflows/prd/steps-c/step-02-discovery.md","c48f01b5bdfbd912c9393a8edf2d0f9ae64990d41cd8dee142ed92f56fa43224"
"md","step-02-domain-analysis","bmm","bmm/workflows/1-analysis/research/domain-steps/step-02-domain-analysis.md","385a288d9bbb0adf050bcce4da4dad198a9151822f9766900404636f2b0c7f9d"
"md","step-02-generate","bmm","bmm/workflows/generate-project-context/steps/step-02-generate.md","0fff27dab748b4600d02d2fb083513fa4a4e061ed66828b633f7998fcf8257e1"
"md","step-02-investigate","bmm","bmm/workflows/bmad-quick-flow/quick-spec/steps/step-02-investigate.md","6b8a84f09a741cf655bb4f15f3be47ada7e28f11fceab8031c1b58a132b59fc9"
"md","step-02-prd-analysis","bmm","bmm/workflows/3-solutioning/check-implementation-readiness/steps/step-02-prd-analysis.md","f8892391bbfaa5fb0166af02210c6ea1b62021837f853a9f1da6f30b942b1620"
"md","step-02-technical-overview","bmm","bmm/workflows/1-analysis/research/technical-steps/step-02-technical-overview.md","9c7582241038b16280cddce86f2943216541275daf0a935dcab78f362904b305"
"md","step-02-vision","bmm","bmm/workflows/1-analysis/create-product-brief/steps/step-02-vision.md","3e650bcdff6a11a616d048741804c430c66db6378fadd25df331445a093e4392"
"md","step-03-competitive-landscape","bmm","bmm/workflows/1-analysis/research/domain-steps/step-03-competitive-landscape.md","f10aa088ba00c59491507f6519fb314139f8be6807958bb5fd1b66bff2267749"
"md","step-03-complete","bmm","bmm/workflows/generate-project-context/steps/step-03-complete.md","cf8d1d1904aeddaddb043c3c365d026cd238891cd702c2b78bae032a8e08ae17"
"md","step-03-core-experience","bmm","bmm/workflows/2-plan-workflows/create-ux-design/steps/step-03-core-experience.md","39f0904b2724d51ba880b2f22deefc00631441669a0c9a8ac0565a8ada3464b2"
"md","step-03-create-stories","bmm","bmm/workflows/3-solutioning/create-epics-and-stories/steps/step-03-create-stories.md","d6cf9dc92335cb9aaf5bca3eb05e5534da84cc0cccee771275c0e2f584f48890"
"md","step-03-customer-pain-points","bmm","bmm/workflows/1-analysis/research/market-steps/step-03-customer-pain-points.md","ce7394a73a7d3dd627280a8bef0ed04c11e4036275acc4b50c666fd1d84172c4"
"md","step-03-epic-coverage-validation","bmm","bmm/workflows/3-solutioning/check-implementation-readiness/steps/step-03-epic-coverage-validation.md","2249eec5c324153e2f095b63b7d8e2418f5d567f914272e6c66d5aff393702aa"
"md","step-03-execute","bmm","bmm/workflows/bmad-quick-flow/quick-dev/steps/step-03-execute.md","9e77223fdc698a0648b54805f761f2791faea2db04f77201ec673bdea3e3d17f"
"md","step-03-generate","bmm","bmm/workflows/bmad-quick-flow/quick-spec/steps/step-03-generate.md","a5ac3654c7be1772c50050c3627613aba075fcc2ce89cb735f49cd4f6b717e89"
"md","step-03-integration-patterns","bmm","bmm/workflows/1-analysis/research/technical-steps/step-03-integration-patterns.md","005d517a2f962e2172e26b23d10d5e6684c7736c0d3982e27b2e72d905814ad9"
"md","step-03-starter","bmm","bmm/workflows/3-solutioning/create-architecture/steps/step-03-starter.md","7dd61ab909d236da0caf59954dced5468657bcb27f859d1d92265e59b3616c28"
"md","step-03-success","bmm","bmm/workflows/2-plan-workflows/prd/steps-c/step-03-success.md","a73c7be31a763b402b2bbb0c414048332b779755651a2a6b4d8305e5dc79cbb3"
"md","step-03-users","bmm","bmm/workflows/1-analysis/create-product-brief/steps/step-03-users.md","8d3754116582808e001dd5e8ed08fc71ed22a1e4d29b1313ddc339b085c2845c"
"md","step-04-architectural-patterns","bmm","bmm/workflows/1-analysis/research/technical-steps/step-04-architectural-patterns.md","5ab115b67221be4182f88204b17578697136d8c11b7af21d91012d33ff84aafb"
"md","step-04-customer-decisions","bmm","bmm/workflows/1-analysis/research/market-steps/step-04-customer-decisions.md","17dde68d655f7c66b47ed59088c841d28d206ee02137388534b141d9a8465cf9"
"md","step-04-decisions","bmm","bmm/workflows/3-solutioning/create-architecture/steps/step-04-decisions.md","dc83242891d4f6bd5cba6e87bd749378294afdf88af17851e488273893440a84"
"md","step-04-emotional-response","bmm","bmm/workflows/2-plan-workflows/create-ux-design/steps/step-04-emotional-response.md","a2db9d24cdfc88aeb28a92ed236df940657842291a7d70e1616b59fbfd1c4e19"
"md","step-04-final-validation","bmm","bmm/workflows/3-solutioning/create-epics-and-stories/steps/step-04-final-validation.md","b524965a45f3b0f8d4d7e5e53eac9a70ec993ee17052d8626c4b860fa1482e42"
"md","step-04-journeys","bmm","bmm/workflows/2-plan-workflows/prd/steps-c/step-04-journeys.md","7c614d6555ff448574e4953a471e8c080c428c60a9d57105e9cd80740f225f90"
"md","step-04-metrics","bmm","bmm/workflows/1-analysis/create-product-brief/steps/step-04-metrics.md","5cee77a43d45695d8a3cf5f0584c8121c304b28648dee0ba703dfb05496d3868"
"md","step-04-regulatory-focus","bmm","bmm/workflows/1-analysis/research/domain-steps/step-04-regulatory-focus.md","d22035529efe91993e698b4ebf297bf2e7593eb41d185a661c357a8afc08977b"
"md","step-04-review","bmm","bmm/workflows/bmad-quick-flow/quick-spec/steps/step-04-review.md","8fbb6bb7ae9be378af56c52fc73c436b0260cc9161a31d3dc8e135a35eab7ac8"
"md","step-04-self-check","bmm","bmm/workflows/bmad-quick-flow/quick-dev/steps/step-04-self-check.md","8394655526fd40a140044795cbf4af243cda939c225a8e12ccc94c5a73c87e43"
"md","step-04-ux-alignment","bmm","bmm/workflows/3-solutioning/check-implementation-readiness/steps/step-04-ux-alignment.md","2193be07720901b61ebc7ec80590f2ff07fcb9d4a0473741caaf9a581bf40ba7"
"md","step-05-adversarial-review","bmm","bmm/workflows/bmad-quick-flow/quick-dev/steps/step-05-adversarial-review.md","b57ccd480b1c5385b8c236c5f071f33b1886fcb1a26c85217c3e1c6225765077"
"md","step-05-competitive-analysis","bmm","bmm/workflows/1-analysis/research/market-steps/step-05-competitive-analysis.md","ff6f606a80ffaf09aa325e38a4ceb321b97019e6542241b2ed4e8eb38b35efa8"
"md","step-05-domain","bmm","bmm/workflows/2-plan-workflows/prd/steps-c/step-05-domain.md","2702da3aecf431056ba663af7aec02a48857bff418bcb5d9e8a853344863d16d"
"md","step-05-epic-quality-review","bmm","bmm/workflows/3-solutioning/check-implementation-readiness/steps/step-05-epic-quality-review.md","8174d9579ce7300782ec55e4b35ca90131d5baaae02113b3fab0975094e2b645"
"md","step-05-implementation-research","bmm","bmm/workflows/1-analysis/research/technical-steps/step-05-implementation-research.md","55ae5ab81295c6d6e3694c1b89472abcd5cd562cf55a2b5fffdd167e15bee82b"
"md","step-05-inspiration","bmm","bmm/workflows/2-plan-workflows/create-ux-design/steps/step-05-inspiration.md","7f8d6c50c3128d7f4cb5dbf92ed9b0b0aa2ce393649f1506f5996bd51e3a5604"
"md","step-05-patterns","bmm","bmm/workflows/3-solutioning/create-architecture/steps/step-05-patterns.md","8660291477a35ba5a7aecc73fbb9f5fa85de2a4245ae9dd2644f5e2f64a66d30"
"md","step-05-scope","bmm","bmm/workflows/1-analysis/create-product-brief/steps/step-05-scope.md","7e292adebdb76b9828c2fbc3cbfb40d943e97e58363c88bf73ca40a27e59733d"
"md","step-05-technical-trends","bmm","bmm/workflows/1-analysis/research/domain-steps/step-05-technical-trends.md","fd6c577010171679f630805eb76e09daf823c2b9770eb716986d01f351ce1fb4"
"md","step-06-complete","bmm","bmm/workflows/1-analysis/create-product-brief/steps/step-06-complete.md","13027cf00352ac4ef8cb7f346a3e70d820293a7cffc3407fec356b7052481615"
"md","step-06-design-system","bmm","bmm/workflows/2-plan-workflows/create-ux-design/steps/step-06-design-system.md","6bb2666aeb114708321e2f730431eb17d2c08c78d57d9cc6b32cb11402aa8472"
"md","step-06-final-assessment","bmm","bmm/workflows/3-solutioning/check-implementation-readiness/steps/step-06-final-assessment.md","b86d8754f457e0f0f1d22875a37c74fff8eaec51e11d5df227f7675bcdb8ef0d"
"md","step-06-innovation","bmm","bmm/workflows/2-plan-workflows/prd/steps-c/step-06-innovation.md","5acd0d7b932b99d2aefa502eabaf71d7c5ec5b3c9135a88ab9ac9952e6f513a5"
"md","step-06-research-completion","bmm","bmm/workflows/1-analysis/research/market-steps/step-06-research-completion.md","30d5e14f39df193ebce952dfed2bd4009d68fe844e28ad3a29f5667382ebc6d2"
"md","step-06-research-synthesis","bmm","bmm/workflows/1-analysis/research/domain-steps/step-06-research-synthesis.md","4c7727b8d3c6272c1b2b84ea58a67fc86cafab3472c0caf54e8b8cee3fa411fc"
"md","step-06-research-synthesis","bmm","bmm/workflows/1-analysis/research/technical-steps/step-06-research-synthesis.md","5df66bbeecd345e829f06c4eb5bdecd572ca46aec8927bda8b97dbd5f5a34d6c"
"md","step-06-resolve-findings","bmm","bmm/workflows/bmad-quick-flow/quick-dev/steps/step-06-resolve-findings.md","98502e2e27199a07eaa531b27df6ee297d96b6566e008485258df5c983d2960a"
"md","step-06-structure","bmm","bmm/workflows/3-solutioning/create-architecture/steps/step-06-structure.md","8ebb95adc203b83e3329b32bcd19e4d65faa8e68af7255374f40f0cbf4d91f2b"
"md","step-07-defining-experience","bmm","bmm/workflows/2-plan-workflows/create-ux-design/steps/step-07-defining-experience.md","10db4f974747602d97a719542c0cd31aa7500b035fba5fddf1777949f76928d6"
"md","step-07-project-type","bmm","bmm/workflows/2-plan-workflows/prd/steps-c/step-07-project-type.md","2b7d0084b219059baa44ebf11755192676a632f26ced54fc65e49015145e6e28"
"md","step-07-validation","bmm","bmm/workflows/3-solutioning/create-architecture/steps/step-07-validation.md","0aaa043da24c0c9558c32417c5ba76ad898d4300ca114a8be3f77fabf638c2e2"
"md","step-08-complete","bmm","bmm/workflows/3-solutioning/create-architecture/steps/step-08-complete.md","d2bb24dedc8ca431a1dc766033069694b7e1e7bef146d9d1d1d10bf2555a02cd"
"md","step-08-scoping","bmm","bmm/workflows/2-plan-workflows/prd/steps-c/step-08-scoping.md","989a3d6ef8e54e4952d71f716b900c053fae2a60930bdd734f77fb81965ba0b8"
"md","step-08-visual-foundation","bmm","bmm/workflows/2-plan-workflows/create-ux-design/steps/step-08-visual-foundation.md","114ae7e866eb41ec3ff0c573ba142ee6641e30d91a656e5069930fe3bb9786ae"
"md","step-09-design-directions","bmm","bmm/workflows/2-plan-workflows/create-ux-design/steps/step-09-design-directions.md","73933038a7f1c172716e0688c36275316d1671e4bca39d1050da7b9b475f5211"
"md","step-09-functional","bmm","bmm/workflows/2-plan-workflows/prd/steps-c/step-09-functional.md","3dca98619c2d3671192d1259b05b95fc7b9f21721ab5ad24b3b936b9ea46e479"
"md","step-10-nonfunctional","bmm","bmm/workflows/2-plan-workflows/prd/steps-c/step-10-nonfunctional.md","2bb1e6855aa1f559e5edcbc0277b227beb5c57efbedff3b23607f17827f00ac5"
"md","step-10-user-journeys","bmm","bmm/workflows/2-plan-workflows/create-ux-design/steps/step-10-user-journeys.md","7305843b730128445610cc0ff28fc00b952ec361672690d93987978650e077c3"
"md","step-11-component-strategy","bmm","bmm/workflows/2-plan-workflows/create-ux-design/steps/step-11-component-strategy.md","e4a80fc9d350ce1e84b0d4f0a24abd274f2732095fb127af0dde3bc62f786ad1"
"md","step-11-polish","bmm","bmm/workflows/2-plan-workflows/prd/steps-c/step-11-polish.md","0bfe648cf801b2f135bf755f040e574af35a0531f462269daf53b7495a481031"
"md","step-12-complete","bmm","bmm/workflows/2-plan-workflows/prd/steps-c/step-12-complete.md","a04e0a05370e3f96cf00f6d8563470ceab494ce0024e12052b1ad1e2a9851a0b"
"md","step-12-ux-patterns","bmm","bmm/workflows/2-plan-workflows/create-ux-design/steps/step-12-ux-patterns.md","4a0b51d278ffbd012d2c9c574adcb081035994be2a055cc0bbf1e348a766cb4a"
"md","step-13-responsive-accessibility","bmm","bmm/workflows/2-plan-workflows/create-ux-design/steps/step-13-responsive-accessibility.md","c556f2dc3644142f8136237fb422a6aac699ca97812c9b73a988cc6db7915444"
"md","step-14-complete","bmm","bmm/workflows/2-plan-workflows/create-ux-design/steps/step-14-complete.md","8b05a20310b14bcbc743d990570b40a6f48f5ab10cbc03a723aa841337550fbf"
"md","step-e-01-discovery","bmm","bmm/workflows/2-plan-workflows/prd/steps-e/step-e-01-discovery.md","440f248ef92e0d495282d51cf27cff9337eaf4a56ff44f421d33a29d7b512432"
"md","step-e-01b-legacy-conversion","bmm","bmm/workflows/2-plan-workflows/prd/steps-e/step-e-01b-legacy-conversion.md","585d3a593d3dc8d4ed393db67d5da99bb9ce786a9bba304eae02cd3aa7063198"
"md","step-e-02-review","bmm","bmm/workflows/2-plan-workflows/prd/steps-e/step-e-02-review.md","c3b370ffcfb6b33f64dcd0ecda06a315aef3de4410662dfd1f6213226abfc16e"
"md","step-e-03-edit","bmm","bmm/workflows/2-plan-workflows/prd/steps-e/step-e-03-edit.md","03f0f1e0577f0a9cce9cad85145caa17054026774df5c8aac66420ffeef9f783"
"md","step-e-04-complete","bmm","bmm/workflows/2-plan-workflows/prd/steps-e/step-e-04-complete.md","847b3fd0bb91f66d6e6a51c1ebd23b92404979f2f897a83db3712976359e2c57"
"md","step-v-01-discovery","bmm","bmm/workflows/2-plan-workflows/prd/steps-v/step-v-01-discovery.md","751a6dd5b9f8b249079534b810c77d4b305f19e70dff14810434f26b14604d01"
"md","step-v-02-format-detection","bmm","bmm/workflows/2-plan-workflows/prd/steps-v/step-v-02-format-detection.md","598096772ea4deba35ddddc45313bdc1cb7852488706c2e55cb35f3af006d8b4"
"md","step-v-02b-parity-check","bmm","bmm/workflows/2-plan-workflows/prd/steps-v/step-v-02b-parity-check.md","38ffab17b7f25c43085c370cda220cb421f449afb92e67b7ef4fdfa130f65652"
"md","step-v-03-density-validation","bmm","bmm/workflows/2-plan-workflows/prd/steps-v/step-v-03-density-validation.md","10b907d4a3feee5673b849a9974e3b14ae73ba949eee2a9be96bb398dad6a958"
"md","step-v-04-brief-coverage-validation","bmm","bmm/workflows/2-plan-workflows/prd/steps-v/step-v-04-brief-coverage-validation.md","17af6a86f05a518c59fff198dd76859f15e5b20c785710cfe6b8c21701dcf970"
"md","step-v-05-measurability-validation","bmm","bmm/workflows/2-plan-workflows/prd/steps-v/step-v-05-measurability-validation.md","ca27b9b10e1dfd46ee256f636a1eda24d2ecebf6a5cb248a70213fb6eb5d916b"
"md","step-v-06-traceability-validation","bmm","bmm/workflows/2-plan-workflows/prd/steps-v/step-v-06-traceability-validation.md","402de0099463bc409e9d0508f012699ddab8edec7cce3265a4f5a665bef24407"
"md","step-v-07-implementation-leakage-validation","bmm","bmm/workflows/2-plan-workflows/prd/steps-v/step-v-07-implementation-leakage-validation.md","a7ec232fe20c3ce2000d7ec6eac06b510b7a4473d3a26bcab655a81450786cae"
"md","step-v-08-domain-compliance-validation","bmm","bmm/workflows/2-plan-workflows/prd/steps-v/step-v-08-domain-compliance-validation.md","65b8b041745b9073dcba03cd355d3a4ff9582776b8840a7974ba0e0a445e9b1f"
"md","step-v-09-project-type-validation","bmm","bmm/workflows/2-plan-workflows/prd/steps-v/step-v-09-project-type-validation.md","2ed139bc09c9f03d6a51c0c5736a80b52d618442bd7d061f177449fe418f4a73"
"md","step-v-10-smart-validation","bmm","bmm/workflows/2-plan-workflows/prd/steps-v/step-v-10-smart-validation.md","29debb6eeb0125ca6cdf502520aa725bdd96df2623874d207e1a5b331fb0de81"
"md","step-v-11-holistic-quality-validation","bmm","bmm/workflows/2-plan-workflows/prd/steps-v/step-v-11-holistic-quality-validation.md","9b78dae12906546f96b150aa5c888a2da70cb775350ad3964d15ae6065ff5391"
"md","step-v-12-completeness-validation","bmm","bmm/workflows/2-plan-workflows/prd/steps-v/step-v-12-completeness-validation.md","cbbd8c9182a52e8862579713feb02fa2659914c36705e70f27fc3fafcc642d6a"
"md","step-v-13-report-complete","bmm","bmm/workflows/2-plan-workflows/prd/steps-v/step-v-13-report-complete.md","b7a47eba1cdeb6116c11118447c6d228011a9cff0788ec70ac2fd8d2e89d12a1"
"md","tech-spec-template","bmm","bmm/workflows/bmad-quick-flow/quick-spec/tech-spec-template.md","6e0ac4991508fec75d33bbe36197e1576d7b2a1ea7ceba656d616e7d7dadcf03"
"md","template","bmm","bmm/workflows/4-implementation/create-story/template.md","29ba697368d77e88e88d0e7ac78caf7a78785a7dcfc291082aa96a62948afb67"
"md","test-design-template","bmm","bmm/workflows/testarch/test-design/test-design-template.md","be2c766858684f5afce7c140f65d6d6e36395433938a866dea09da252a723822"
"md","test-healing-patterns","bmm","bmm/testarch/knowledge/test-healing-patterns.md","b44f7db1ebb1c20ca4ef02d12cae95f692876aee02689605d4b15fe728d28fdf"
"md","test-levels-framework","bmm","bmm/testarch/knowledge/test-levels-framework.md","80bbac7959a47a2e7e7de82613296f906954d571d2d64ece13381c1a0b480237"
"md","test-priorities-matrix","bmm","bmm/testarch/knowledge/test-priorities-matrix.md","321c3b708cc19892884be0166afa2a7197028e5474acaf7bc65c17ac861964a5"
"md","test-quality","bmm","bmm/testarch/knowledge/test-quality.md","97b6db474df0ec7a98a15fd2ae49671bb8e0ddf22963f3c4c47917bb75c05b90"
"md","test-review-template","bmm","bmm/workflows/testarch/test-review/test-review-template.md","b476bd8ca67b730ffcc9f11aeb63f5a14996e19712af492ffe0d3a3d1a4645d2"
"md","timing-debugging","bmm","bmm/testarch/knowledge/timing-debugging.md","c4c87539bbd3fd961369bb1d7066135d18c6aad7ecd70256ab5ec3b26a8777d9"
"md","trace-template","bmm","bmm/workflows/testarch/trace/trace-template.md","148b715e7b257f86bc9d70b8e51b575e31d193420bdf135b32dd7bd3132762f3"
"md","ux-design-template","bmm","bmm/workflows/2-plan-workflows/create-ux-design/ux-design-template.md","ffa4b89376cd9db6faab682710b7ce755990b1197a8b3e16b17748656d1fca6a"
"md","validation-report-prd-workflow","bmm","bmm/workflows/2-plan-workflows/prd/validation-report-prd-workflow.md","e71daa9a0bb717d669e29816f4671c66c3df7e3f295d72c849d478676f125eb8"
"md","visual-debugging","bmm","bmm/testarch/knowledge/visual-debugging.md","072a3d30ba6d22d5e628fc26a08f6e03f8b696e49d5a4445f37749ce5cd4a8a9"
"md","workflow","bmm","bmm/workflows/1-analysis/create-product-brief/workflow.md","09f24c579989fe45ad36becafc63b5b68f14fe2f6d8dd186a9ddfb0c1f256b7b"
"md","workflow","bmm","bmm/workflows/1-analysis/research/workflow.md","0c7043392fbe53f1669e73f1f74b851ae78e60fefbe54ed7dfbb12409a22fe10"
"md","workflow","bmm","bmm/workflows/2-plan-workflows/create-ux-design/workflow.md","49381d214c43080b608ff5886ed34fae904f4d4b14bea4f5c2fafab326fac698"
"md","workflow","bmm","bmm/workflows/2-plan-workflows/prd/workflow.md","b0499d4f00f0c35fc1666e2f1245ded3f89aa40aa44973b04ae7b5369e833997"
"md","workflow","bmm","bmm/workflows/3-solutioning/check-implementation-readiness/workflow.md","cb12f95b772f6aa4dd5b95a4a4fcabe9516ef5f6bf72caecc10a0ca464eb9795"
"md","workflow","bmm","bmm/workflows/3-solutioning/create-architecture/workflow.md","c85b3ce51dcadc00c9ef98b0be7cc27b5d38ab2191ef208645b61eb3e7d078ab"
"md","workflow","bmm","bmm/workflows/3-solutioning/create-epics-and-stories/workflow.md","b62a6f4c85c66059f46ce875da9eb336b4272f189c506c0f77170c7623b5ed55"
"md","workflow","bmm","bmm/workflows/bmad-quick-flow/quick-dev/workflow.md","177e859727c8c061872ad729e9f353cff46caf1ebed71a386a1ee36890949d75"
"md","workflow","bmm","bmm/workflows/bmad-quick-flow/quick-spec/workflow.md","0c07c27b1b474b6a6e5651951e1c31d740c64350fd88c0689da30cd6d5ba3979"
"md","workflow","bmm","bmm/workflows/generate-project-context/workflow.md","0da857be1b7fb46fc29afba22b78a8b2150b17db36db68fd254ad925a20666aa"
"xml","instructions","bmm","bmm/workflows/4-implementation/code-review/instructions.xml","1a6f0ae7d69a5c27b09de3efab2b205a007b466976acdeeaebf7f3abec7feb68"
"xml","instructions","bmm","bmm/workflows/4-implementation/create-story/instructions.xml","226ba1f37ba65f35297eb31193d4e707e389a050d2fbe28a3567201a9ddd59fc"
"xml","instructions","bmm","bmm/workflows/4-implementation/dev-story/instructions.xml","9f61f7538785903505f07531920b025a73722bcb74b0ec7672954cad9962cd9a"
"yaml","config","bmm","bmm/config.yaml","c77064b9a801fe8c5011b52a56c19d39015fa6607c55ad153bbbc26aacab9f64"
"yaml","deep-dive","bmm","bmm/workflows/document-project/workflows/deep-dive.yaml","a16b5d121604ca00fffdcb04416daf518ec2671a3251b7876c4b590d25d96945"
"yaml","enterprise-brownfield","bmm","bmm/workflows/workflow-status/paths/enterprise-brownfield.yaml","40b7fb4d855fdd275416e225d685b4772fb0115554e160a0670b07f6fcbc62e5"
"yaml","enterprise-greenfield","bmm","bmm/workflows/workflow-status/paths/enterprise-greenfield.yaml","61329f48d5d446376bcf81905485c72ba53874f3a3918d5614eb0997b93295c6"
"yaml","excalidraw-templates","bmm","bmm/workflows/excalidraw-diagrams/_shared/excalidraw-templates.yaml","ca6e4ae85b5ab16df184ce1ddfdf83b20f9540db112ebf195cb793017f014a70"
"yaml","full-scan","bmm","bmm/workflows/document-project/workflows/full-scan.yaml","8ba79b190733006499515d9d805f4eacd90a420ffc454e04976948c114806c25"
"yaml","github-actions-template","bmm","bmm/workflows/testarch/ci/github-actions-template.yaml","cf7d1f0a1f2853b07df1b82b00ebe79f800f8f16817500747b7c4c9c7143aba7"
"yaml","gitlab-ci-template","bmm","bmm/workflows/testarch/ci/gitlab-ci-template.yaml","986f29817e04996ab9f80bf2de0d25d8ed2365d955cc36d5801afaa93e99e80b"
"yaml","method-brownfield","bmm","bmm/workflows/workflow-status/paths/method-brownfield.yaml","6417f79e274b6aaf07c9b5d8c82f6ee16a8713442c2e38b4bab932831bf3e6c6"
"yaml","method-greenfield","bmm","bmm/workflows/workflow-status/paths/method-greenfield.yaml","11693c1b4e87d7d7afed204545a9529c27e0566d6ae7a480fdfa4677341f5880"
"yaml","project-levels","bmm","bmm/workflows/workflow-status/project-levels.yaml","ffa9fb3b32d81617bb8718689a5ff5774d2dff6c669373d979cc38b1dc306966"
"yaml","sprint-status-template","bmm","bmm/workflows/4-implementation/sprint-planning/sprint-status-template.yaml","de75fe50bd5e3f4410ccc99fcd3f5dc958733b3829af1b13b4d7b0559bbca22b"
"yaml","team-fullstack","bmm","bmm/teams/team-fullstack.yaml","da8346b10dfad8e1164a11abeb3b0a84a1d8b5f04e01e8490a44ffca477a1b96"
"yaml","workflow","bmm","bmm/workflows/4-implementation/code-review/workflow.yaml","8879bd2ea2da2c444eac9f4f8bf4f2d58588cdbc92aee189c04d4d926ea7b43d"
"yaml","workflow","bmm","bmm/workflows/4-implementation/correct-course/workflow.yaml","c7b771ee3043c2622499e197147e33c77bca478a31091fae619e04cf628fef5e"
"yaml","workflow","bmm","bmm/workflows/4-implementation/create-story/workflow.yaml","45dabb40eeacc64c550cee65886841ebdb27c6519a561f6321dc61d9a3775dd1"
"yaml","workflow","bmm","bmm/workflows/4-implementation/dev-story/workflow.yaml","270cb47b01e5a49d497c67f2c2605b808a943daf2b34ee60bc726ff78ac217b3"
"yaml","workflow","bmm","bmm/workflows/4-implementation/retrospective/workflow.yaml","03433aa3f0d5b4b388d31b9bee1ac5cb5ca78e15bb4d44746766784a3ba863d2"
"yaml","workflow","bmm","bmm/workflows/4-implementation/sprint-planning/workflow.yaml","3038e7488b67303814d95ebbb0f28a225876ec2e3224fdaa914485f5369a44bf"
"yaml","workflow","bmm","bmm/workflows/4-implementation/sprint-status/workflow.yaml","d04516040d08f01f71fe31658d139ac3dad30b7ad748e959e4a9fb0a8e755858"
"yaml","workflow","bmm","bmm/workflows/document-project/workflow.yaml","82e731ea08217480958a75304558e767654d8a8262c0ec1ed91e81afd3135ed5"
"yaml","workflow","bmm","bmm/workflows/excalidraw-diagrams/create-dataflow/workflow.yaml","a845be912077a9c80fb3f3e2950c33b99139a2ae22db9c006499008ec2fa3851"
"yaml","workflow","bmm","bmm/workflows/excalidraw-diagrams/create-diagram/workflow.yaml","bac0e13f796b4a4bb2a3909ddef230f0cd1712a0163b6fe72a2966eed8fc87a9"
"yaml","workflow","bmm","bmm/workflows/excalidraw-diagrams/create-flowchart/workflow.yaml","a8f6e3680d2ec51c131e5cd57c9705e5572fe3e08c536174da7175e07cce0c5d"
"yaml","workflow","bmm","bmm/workflows/excalidraw-diagrams/create-wireframe/workflow.yaml","88ce19aff63a411583756cd0254af2000b6aac13071204dc9aef61aa137a51ef"
"yaml","workflow","bmm","bmm/workflows/testarch/atdd/workflow.yaml","671d3319e80fffb3dedf50ccda0f3aea87ed4de58e6af679678995ca9f5262b0"
"yaml","workflow","bmm","bmm/workflows/testarch/automate/workflow.yaml","3d49eaca0024652b49f00f26f1f1402c73874eb250431cb5c1ce1d2eddc6520b"
"yaml","workflow","bmm","bmm/workflows/testarch/ci/workflow.yaml","e42067278023d4489a159fdbf7a863c69345e3d3d91bf9af8dcff49fd14f0e6d"
"yaml","workflow","bmm","bmm/workflows/testarch/framework/workflow.yaml","857b92ccfa185c373ebecd76f3f57ca84a4d94c8c2290679d33010f58e1ed9e1"
"yaml","workflow","bmm","bmm/workflows/testarch/nfr-assess/workflow.yaml","24a0e0e6124c3206775e43bd7ed4e1bfba752e7d7a0590bbdd73c2e9ce5a06ec"
"yaml","workflow","bmm","bmm/workflows/testarch/test-design/workflow.yaml","30a9371f2ea930e7e68b987570be524b2e9d104c40c28e818a89e12985ba767a"
"yaml","workflow","bmm","bmm/workflows/testarch/test-review/workflow.yaml","d64517e211eceb8e5523da19473387e642c5178d5850f92b1aa5dc3fea6a6685"
"yaml","workflow","bmm","bmm/workflows/testarch/trace/workflow.yaml","0ba5d014b6209cc949391de9f495465b7d64d3496e1972be48b2961c8490e6f5"
"yaml","workflow","bmm","bmm/workflows/workflow-status/init/workflow.yaml","f29cb2797a3b1d3d9408fd78f9e8e232719a519b316444ba31d9fe5db9ca1d6a"
"yaml","workflow","bmm","bmm/workflows/workflow-status/workflow.yaml","390e733bee776aaf0312c5990cdfdb2d65c4f7f56001f428b8baddeb3fe8f0fe"
"yaml","workflow-status-template","bmm","bmm/workflows/workflow-status/workflow-status-template.yaml","0ec9c95f1690b7b7786ffb4ab10663c93b775647ad58e283805092e1e830a0d9"
"csv","default-party","cis","cis/teams/default-party.csv","464310e738ec38cf8114552e8274f6c517a17db0e0b176d494ab50154ba982d5"
"csv","design-methods","cis","cis/workflows/design-thinking/design-methods.csv","6735e9777620398e35b7b8ccb21e9263d9164241c3b9973eb76f5112fb3a8fc9"
"csv","innovation-frameworks","cis","cis/workflows/innovation-strategy/innovation-frameworks.csv","9a14473b1d667467172d8d161e91829c174e476a030a983f12ec6af249c4e42f"
"csv","solving-methods","cis","cis/workflows/problem-solving/solving-methods.csv","aa15c3a862523f20c199600d8d4d0a23fce1001010d7efc29a71abe537d42995"
"csv","story-types","cis","cis/workflows/storytelling/story-types.csv","ec5a3c713617bf7e2cf7db439303dd8f3363daa2f6db20a350c82260ade88bdb"
"md","instructions","cis","cis/workflows/design-thinking/instructions.md","496c15117fb54314f3e1e8e57dfd2fe8e787281e5ba046b7a063d8c6f1f18d40"
"md","instructions","cis","cis/workflows/innovation-strategy/instructions.md","ad4be7be6fa5dd2abd9cc59bd7ec0af396d6a6b8c83d21dbbb769f1b6a2b22db"
"md","instructions","cis","cis/workflows/problem-solving/instructions.md","959b98b8b8c4df5b10d1f28177b571e5f022d1594f4c060571a60aae8a716263"
"md","instructions","cis","cis/workflows/storytelling/instructions.md","c9fd0927719c2f9de202c60b1835fd7618e2dcfb34de1845bfb907e7656fa64c"
"md","README","cis","cis/workflows/README.md","1f6a9ebc342e6f48a74db106d7fdc903fe48720a2cb2160902b1b563c78b2d1d"
"md","README","cis","cis/workflows/design-thinking/README.md","0a38f88352dc4674f6e1f55a67ffebf403bf329c874a21a49ce7834c08f91f62"
"md","README","cis","cis/workflows/innovation-strategy/README.md","820a9e734fadf2cfac94d499cec2e4b41a54d054c0d2f6b9819da319beee4fb9"
"md","README","cis","cis/workflows/problem-solving/README.md","a5e75b9899751d7aabffcf65785f10d4d2e0455f8c7c541e8a143e3babceca8b"
"md","README","cis","cis/workflows/storytelling/README.md","1bad4223dce51cb5a7ab8c116467f78037a4583d3a840210ee2f160ad15b71ee"
"md","template","cis","cis/workflows/design-thinking/template.md","7834c387ac0412c841b49a9fcdd8043f5ce053e5cb26993548cf4d31b561f6f0"
"md","template","cis","cis/workflows/innovation-strategy/template.md","e59bd789df87130bde034586d3e68bf1847c074f63d839945e0c29b1d0c85c82"
"md","template","cis","cis/workflows/problem-solving/template.md","6c9efd7ac7b10010bd9911db16c2fbdca01fb0c306d871fa6381eef700b45608"
"md","template","cis","cis/workflows/storytelling/template.md","461981aa772ef2df238070cbec90fc40995df2a71a8c22225b90c91afed57452"
"yaml","config","cis","cis/config.yaml","09e4590ec5205ce4981f0ad8921eb7e232855f3a2ff033fac56a8ba9e03ccb17"
"yaml","creative-squad","cis","cis/teams/creative-squad.yaml","25407cf0ebdf5b10884cd03c86068e04715ef270ada93a3b64cb9907b62c71cf"
"yaml","workflow","cis","cis/workflows/design-thinking/workflow.yaml","1feb8900e6716125af1ef533bcc54659670de0a3e44ff66348518423c5e7a7fb"
"yaml","workflow","cis","cis/workflows/innovation-strategy/workflow.yaml","37b5e7f7d89999c85591bd5d95bfe2617f7690cfb8f0e1064803ec307a56eaaa"
"yaml","workflow","cis","cis/workflows/problem-solving/workflow.yaml","481e5e24f9661df5111404f494739557795d7379456b20c4f5a925b6a0b97fae"
"yaml","workflow","cis","cis/workflows/storytelling/workflow.yaml","3c8ad0a45f4f3c55896629b4cc11c165ff82febbb25c13214ca28aa3ef0f31cd"
"csv","brain-methods","core","core/workflows/brainstorming/brain-methods.csv","0ab5878b1dbc9e3fa98cb72abfc3920a586b9e2b42609211bb0516eefd542039"
"csv","methods","core","core/workflows/advanced-elicitation/methods.csv","e08b2e22fec700274982e37be608d6c3d1d4d0c04fa0bae05aa9dba2454e6141"
"md","excalidraw-helpers","core","core/resources/excalidraw/excalidraw-helpers.md","37f18fa0bd15f85a33e7526a2cbfe1d5a9404f8bcb8febc79b782361ef790de4"
"md","library-loader","core","core/resources/excalidraw/library-loader.md","7837112bd0acb5906870dff423a21564879d49c5322b004465666a42c52477ab"
"md","README","core","core/resources/excalidraw/README.md","72de8325d7289128f1c8afb3b0eea867ba90f4c029ca42e66a133cd9f92c285d"
"md","step-01-agent-loading","core","core/workflows/party-mode/steps/step-01-agent-loading.md","cd2ca8ec03576fd495cbaec749b3f840c82f7f0d485c8a884894a72d047db013"
"md","step-01-session-setup","core","core/workflows/brainstorming/steps/step-01-session-setup.md","0437c1263788b93f14b7d361af9059ddbc2cbb576974cbd469a58ea757ceba19"
"md","step-01b-continue","core","core/workflows/brainstorming/steps/step-01b-continue.md","a92fd1825a066f21922c5ac8d0744f0553ff4a6d5fc3fa998d12aea05ea2819c"
"md","step-02-discussion-orchestration","core","core/workflows/party-mode/steps/step-02-discussion-orchestration.md","a9afe48b2c43f191541f53abb3c15ef608f9970fa066dcb501e2c1071e5e7d02"
"md","step-02a-user-selected","core","core/workflows/brainstorming/steps/step-02a-user-selected.md","558b162466745b92687a5d6e218f243a98436dd177b2d5544846c5ff4497cc94"
"md","step-02b-ai-recommended","core","core/workflows/brainstorming/steps/step-02b-ai-recommended.md","99aa935279889f278dcb2a61ba191600a18e9db356dd8ce62f0048d3c37c9531"
"md","step-02c-random-selection","core","core/workflows/brainstorming/steps/step-02c-random-selection.md","f188c260c321c7f026051fefcd267a26ee18ce2a07f64bab7f453c0c3e483316"
"md","step-02d-progressive-flow","core","core/workflows/brainstorming/steps/step-02d-progressive-flow.md","a28c7a3edf34ceb0eea203bf7dc80f39ca04974f6d1ec243f0a088281b2e55de"
"md","step-03-graceful-exit","core","core/workflows/party-mode/steps/step-03-graceful-exit.md","f3299f538d651b55efb6e51ddc3536a228df63f16b1e0129a830cceb8e21303f"
"md","step-03-technique-execution","core","core/workflows/brainstorming/steps/step-03-technique-execution.md","f9a8ee4354fda0b9eb8fe3d30963eeebad76796cd12d9bcc72e4e7e9606b0803"
"md","step-04-idea-organization","core","core/workflows/brainstorming/steps/step-04-idea-organization.md","a1b7a17b95bb1c06fa678f65a56a9ac2fd9655871e99b9378c6b4afa5d574050"
"md","template","core","core/workflows/brainstorming/template.md","5c99d76963eb5fc21db96c5a68f39711dca7c6ed30e4f7d22aedee9e8bb964f9"
"md","validate-json-instructions","core","core/resources/excalidraw/validate-json-instructions.md","0970bac93d52b4ee591a11998a02d5682e914649a40725d623489c77f7a1e449"
"md","workflow","core","core/workflows/brainstorming/workflow.md","4c63ca09925befb1d0641bf22107b60ca723f92d68ccf2170a9c47a821ff0956"
"md","workflow","core","core/workflows/party-mode/workflow.md","851cbc7f57b856390be18464d38512337b52508cc634f327e4522e379c778573"
"xml","index-docs","core","core/tasks/index-docs.xml","13ffd40ccaed0f05b35e4f22255f023e77a6926e8a2f01d071b0b91a4c942812"
"xml","review-adversarial-general","core","core/tasks/review-adversarial-general.xml","05466fd1a0b207dd9987ba1e8674b40060025b105ba51f5b49fe852c44e51f12"
"xml","shard-doc","core","core/tasks/shard-doc.xml","dd4c834b62f9d7fbe4970d10a9c075fe9408195b0ee4c32bbdb699227d45a808"
"xml","workflow","core","core/tasks/workflow.xml","8f7ad9ff1d80251fa5df344ad70701605a74dcfc030c04708650f23b2606851a"
"xml","workflow","core","core/workflows/advanced-elicitation/workflow.xml","063e6aab417f9cc67ae391b1d89ba972fc890c123f8101b7180496d413a63d81"
"yaml","config","core","core/config.yaml","f535dafce0ee4dd103f690395237233c62d4fe83aa457b867122a464e6b60027"
